service,service_key,method,path,normalized_path,dynamic,source,file,line,match_key
ai,ai,GET,/ai/protect/policies?tenant_id={param},/ai/protect/policies,True,serviceRequest,web/dashboard/src/components/v3/tabs/AIGatewayTab.tsx,395,ai|GET|/ai/protect/policies
ai,ai,POST,/ai/protect/policies,/ai/protect/policies,False,serviceRequest,web/dashboard/src/components/v3/tabs/AIGatewayTab.tsx,610,ai|POST|/ai/protect/policies
ai,ai,DELETE,/ai/protect/policies/{param},/ai/protect/policies/{param},True,serviceRequest,web/dashboard/src/components/v3/tabs/AIGatewayTab.tsx,623,ai|DELETE|/ai/protect/policies/{param}
ai-gateway,ai-gateway,GET,/ai-gateway/v1/health,/ai-gateway/v1/health,False,serviceRequest,web/dashboard/src/lib/aigateway.ts,58,ai-gateway|GET|/ai-gateway/v1/health
ai-gateway,ai-gateway,GET,/ai-gateway/v1/models,/ai-gateway/v1/models,False,serviceRequest,web/dashboard/src/lib/aigateway.ts,63,ai-gateway|GET|/ai-gateway/v1/models
ai-gateway,ai-gateway,POST,/ai-gateway/v1/models,/ai-gateway/v1/models,False,serviceRequest,web/dashboard/src/lib/aigateway.ts,67,ai-gateway|POST|/ai-gateway/v1/models
ai-gateway,ai-gateway,DELETE,/ai-gateway/v1/models/{param},/ai-gateway/v1/models/{param},True,serviceRequest,web/dashboard/src/lib/aigateway.ts,70,ai-gateway|DELETE|/ai-gateway/v1/models/{param}
ai-gateway,ai-gateway,POST,/ai-gateway/v1/models/{param}/test,/ai-gateway/v1/models/{param}/test,True,serviceRequest,web/dashboard/src/lib/aigateway.ts,73,ai-gateway|POST|/ai-gateway/v1/models/{param}/test
ai-gateway,ai-gateway,GET,/ai-gateway/v1/access-rules,/ai-gateway/v1/access-rules,False,serviceRequest,web/dashboard/src/lib/aigateway.ts,78,ai-gateway|GET|/ai-gateway/v1/access-rules
ai-gateway,ai-gateway,POST,/ai-gateway/v1/access-rules,/ai-gateway/v1/access-rules,False,serviceRequest,web/dashboard/src/lib/aigateway.ts,82,ai-gateway|POST|/ai-gateway/v1/access-rules
ai-gateway,ai-gateway,DELETE,/ai-gateway/v1/access-rules/{param},/ai-gateway/v1/access-rules/{param},True,serviceRequest,web/dashboard/src/lib/aigateway.ts,85,ai-gateway|DELETE|/ai-gateway/v1/access-rules/{param}
ai-gateway,ai-gateway,GET,/ai-gateway/v1/budgets,/ai-gateway/v1/budgets,False,serviceRequest,web/dashboard/src/lib/aigateway.ts,90,ai-gateway|GET|/ai-gateway/v1/budgets
ai-gateway,ai-gateway,POST,/ai-gateway/v1/budgets,/ai-gateway/v1/budgets,False,serviceRequest,web/dashboard/src/lib/aigateway.ts,94,ai-gateway|POST|/ai-gateway/v1/budgets
ai-gateway,ai-gateway,PUT,/ai-gateway/v1/budgets/{param},/ai-gateway/v1/budgets/{param},True,serviceRequest,web/dashboard/src/lib/aigateway.ts,97,ai-gateway|PUT|/ai-gateway/v1/budgets/{param}
ai-gateway,ai-gateway,GET,/ai-gateway/v1/budgets/usage,/ai-gateway/v1/budgets/usage,False,serviceRequest,web/dashboard/src/lib/aigateway.ts,100,ai-gateway|GET|/ai-gateway/v1/budgets/usage
ai-gateway,ai-gateway,GET,/ai-gateway/v1/guardrails,/ai-gateway/v1/guardrails,False,serviceRequest,web/dashboard/src/lib/aigateway.ts,105,ai-gateway|GET|/ai-gateway/v1/guardrails
ai-gateway,ai-gateway,POST,/ai-gateway/v1/guardrails,/ai-gateway/v1/guardrails,False,serviceRequest,web/dashboard/src/lib/aigateway.ts,109,ai-gateway|POST|/ai-gateway/v1/guardrails
ai-gateway,ai-gateway,DELETE,/ai-gateway/v1/guardrails/{param},/ai-gateway/v1/guardrails/{param},True,serviceRequest,web/dashboard/src/lib/aigateway.ts,112,ai-gateway|DELETE|/ai-gateway/v1/guardrails/{param}
ai-gateway,ai-gateway,POST,/ai-gateway/v1/scan,/ai-gateway/v1/scan,False,serviceRequest,web/dashboard/src/lib/aigateway.ts,117,ai-gateway|POST|/ai-gateway/v1/scan
ai-gateway,ai-gateway,POST,/ai-gateway/v1/redact,/ai-gateway/v1/redact,False,serviceRequest,web/dashboard/src/lib/aigateway.ts,123,ai-gateway|POST|/ai-gateway/v1/redact
ai-gateway,ai-gateway,POST,/ai-gateway/v1/evaluate,/ai-gateway/v1/evaluate,False,serviceRequest,web/dashboard/src/lib/aigateway.ts,129,ai-gateway|POST|/ai-gateway/v1/evaluate
ai-gateway,ai-gateway,GET,/ai-gateway/v1/audit?limit={param},/ai-gateway/v1/audit,True,serviceRequest,web/dashboard/src/lib/aigateway.ts,137,ai-gateway|GET|/ai-gateway/v1/audit
ai-gateway,ai-gateway,GET,/ai-gateway/v1/audit/stats,/ai-gateway/v1/audit/stats,False,serviceRequest,web/dashboard/src/lib/aigateway.ts,141,ai-gateway|GET|/ai-gateway/v1/audit/stats
ai-gateway,ai-gateway,GET,/ai-gateway/v1/policies,/ai-gateway/v1/policies,False,serviceRequest,web/dashboard/src/lib/aigateway.ts,146,ai-gateway|GET|/ai-gateway/v1/policies
ai-gateway,ai-gateway,POST,/ai-gateway/v1/policies,/ai-gateway/v1/policies,False,serviceRequest,web/dashboard/src/lib/aigateway.ts,150,ai-gateway|POST|/ai-gateway/v1/policies
ai-gateway,ai-gateway,DELETE,/ai-gateway/v1/policies/{param},/ai-gateway/v1/policies/{param},True,serviceRequest,web/dashboard/src/lib/aigateway.ts,153,ai-gateway|DELETE|/ai-gateway/v1/policies/{param}
audit,audit,GET,/audit/events?{param},/audit/events,True,serviceRequest,web/dashboard/src/lib/audit.ts,88,audit|GET|/audit/events
audit,audit,GET,/audit/events/{param}?{param},/audit/events/{param},True,serviceRequest,web/dashboard/src/lib/audit.ts,93,audit|GET|/audit/events/{param}
audit,audit,GET,/audit/timeline/{param}?{param},/audit/timeline/{param},True,serviceRequest,web/dashboard/src/lib/audit.ts,110,audit|GET|/audit/timeline/{param}
audit,audit,GET,/audit/targets/{param}/integrity?{param},/audit/targets/{param}/integrity,True,serviceRequest,web/dashboard/src/lib/audit.ts,151,audit|GET|/audit/targets/{param}/integrity
audit,audit,GET,/audit/session/{param}?{param},/audit/session/{param},True,serviceRequest,web/dashboard/src/lib/audit.ts,167,audit|GET|/audit/session/{param}
audit,audit,GET,/audit/correlation/{param}?{param},/audit/correlation/{param},True,serviceRequest,web/dashboard/src/lib/audit.ts,183,audit|GET|/audit/correlation/{param}
audit,audit,GET,/audit/chain/verify?{param},/audit/chain/verify,True,serviceRequest,web/dashboard/src/lib/audit.ts,191,audit|GET|/audit/chain/verify
audit,audit,GET,/audit/config?{param},/audit/config,True,serviceRequest,web/dashboard/src/lib/audit.ts,203,audit|GET|/audit/config
audit,audit,GET,/audit/checkpoints?{param}&limit={param},/audit/checkpoints,True,serviceRequest,web/dashboard/src/lib/audit.ts,233,audit|GET|/audit/checkpoints
keycore,keycore,GET,/audit/chain,/audit/chain,True,trackedFetch,web/dashboard/src/lib/auditChain.ts,6,keycore|GET|/audit/chain
keycore,keycore,POST,/audit/chain/verify,/audit/chain/verify,False,trackedFetch,web/dashboard/src/lib/auditChain.ts,12,keycore|POST|/audit/chain/verify
keycore,keycore,POST,/audit/chain/anchor,/audit/chain/anchor,False,trackedFetch,web/dashboard/src/lib/auditChain.ts,21,keycore|POST|/audit/chain/anchor
keycore,keycore,GET,/audit/events,/audit/events,True,trackedFetch,web/dashboard/src/lib/auditChain.ts,30,keycore|GET|/audit/events
audit,audit,POST,/audit/events,/audit/events,False,serviceRequest,web/dashboard/src/lib/auditLogger.ts,20,audit|POST|/audit/events
auth-edge,auth-edge,POST,/auth/logout,/auth/logout,False,trackedFetch,web/dashboard/src/lib/auth.ts,148,auth-edge|POST|/auth/logout
auth-edge,auth-edge,POST,/auth/login,/auth/login,False,trackedFetch,web/dashboard/src/lib/auth.ts,190,auth-edge|POST|/auth/login
auth-edge,auth-edge,POST,/auth/change-password,/auth/change-password,False,trackedFetch,web/dashboard/src/lib/auth.ts,277,auth-edge|POST|/auth/change-password
auth-edge,auth-edge,POST,/auth/refresh,/auth/refresh,False,trackedFetch,web/dashboard/src/lib/auth.ts,324,auth-edge|POST|/auth/refresh
auth,auth,GET,/tenants,/tenants,False,serviceRequest,web/dashboard/src/lib/authAdmin.ts,433,auth|GET|/tenants
auth,auth,GET,/auth/system-health,/auth/system-health,False,serviceRequest,web/dashboard/src/lib/authAdmin.ts,441,auth|GET|/auth/system-health
auth,auth,GET,/auth/clients,/auth/clients,False,serviceRequest,web/dashboard/src/lib/authAdmin.ts,452,auth|GET|/auth/clients
auth,auth,GET,/auth/clients/{param},/auth/clients/{param},True,serviceRequest,web/dashboard/src/lib/authAdmin.ts,457,auth|GET|/auth/clients/{param}
auth,auth,PUT,/auth/clients/{param},/auth/clients/{param},True,serviceRequest,web/dashboard/src/lib/authAdmin.ts,470,auth|PUT|/auth/clients/{param}
auth,auth,POST,/auth/clients/{param}/rotate-key,/auth/clients/{param}/rotate-key,True,serviceRequest,web/dashboard/src/lib/authAdmin.ts,485,auth|POST|/auth/clients/{param}/rotate-key
auth,auth,POST,/auth/clients/{param}/revoke,/auth/clients/{param}/revoke,True,serviceRequest,web/dashboard/src/lib/authAdmin.ts,497,auth|POST|/auth/clients/{param}/revoke
auth,auth,GET,/auth/rest-client-security/summary,/auth/rest-client-security/summary,False,serviceRequest,web/dashboard/src/lib/authAdmin.ts,509,auth|GET|/auth/rest-client-security/summary
auth,auth,POST,/auth/system-health/restart,/auth/system-health/restart,False,serviceRequest,web/dashboard/src/lib/authAdmin.ts,517,auth|POST|/auth/system-health/restart
auth,auth,PUT,/tenants/{param},/tenants/{param},True,serviceRequest,web/dashboard/src/lib/authAdmin.ts,531,auth|PUT|/tenants/{param}
auth,auth,POST,/tenants,/tenants,False,serviceRequest,web/dashboard/src/lib/authAdmin.ts,554,auth|POST|/tenants
auth,auth,DELETE,/tenants/{param}?{param},/tenants/{param},True,serviceRequest,web/dashboard/src/lib/authAdmin.ts,583,auth|DELETE|/tenants/{param}
auth,auth,GET,/tenants/{param}/delete-readiness,/tenants/{param}/delete-readiness,True,serviceRequest,web/dashboard/src/lib/authAdmin.ts,598,auth|GET|/tenants/{param}/delete-readiness
auth,auth,POST,/tenants/{param}/disable,/tenants/{param}/disable,True,serviceRequest,web/dashboard/src/lib/authAdmin.ts,612,auth|POST|/tenants/{param}/disable
auth,auth,POST,/auth/users,/auth/users,False,serviceRequest,web/dashboard/src/lib/authAdmin.ts,642,auth|POST|/auth/users
auth,auth,PUT,/auth/users/{param}/role?tenant_id={param},/auth/users/{param}/role,True,serviceRequest,web/dashboard/src/lib/authAdmin.ts,665,auth|PUT|/auth/users/{param}/role
auth,auth,PUT,/auth/users/{param}/status?tenant_id={param},/auth/users/{param}/status,True,serviceRequest,web/dashboard/src/lib/authAdmin.ts,684,auth|PUT|/auth/users/{param}/status
auth,auth,POST,/auth/users/{param}/reset-password?tenant_id={param},/auth/users/{param}/reset-password,True,serviceRequest,web/dashboard/src/lib/authAdmin.ts,702,auth|POST|/auth/users/{param}/reset-password
auth,auth,GET,/auth/password-policy,/auth/password-policy,False,serviceRequest,web/dashboard/src/lib/authAdmin.ts,717,auth|GET|/auth/password-policy
auth,auth,PUT,/auth/password-policy,/auth/password-policy,False,serviceRequest,web/dashboard/src/lib/authAdmin.ts,725,auth|PUT|/auth/password-policy
auth,auth,GET,/auth/security-policy,/auth/security-policy,False,serviceRequest,web/dashboard/src/lib/authAdmin.ts,733,auth|GET|/auth/security-policy
auth,auth,PUT,/auth/security-policy,/auth/security-policy,False,serviceRequest,web/dashboard/src/lib/authAdmin.ts,741,auth|PUT|/auth/security-policy
auth,auth,GET,/auth/cli/status,/auth/cli/status,False,serviceRequest,web/dashboard/src/lib/authAdmin.ts,749,auth|GET|/auth/cli/status
auth,auth,POST,/auth/cli/session,/auth/cli/session,False,serviceRequest,web/dashboard/src/lib/authAdmin.ts,756,auth|POST|/auth/cli/session
auth,auth,GET,/auth/cli/hsm/partitions?{param},/auth/cli/hsm/partitions,True,serviceRequest,web/dashboard/src/lib/authAdmin.ts,775,auth|GET|/auth/cli/hsm/partitions
auth,auth,GET,/auth/cli/hsm/config,/auth/cli/hsm/config,False,serviceRequest,web/dashboard/src/lib/authAdmin.ts,789,auth|GET|/auth/cli/hsm/config
auth,auth,PUT,/auth/cli/hsm/config,/auth/cli/hsm/config,False,serviceRequest,web/dashboard/src/lib/authAdmin.ts,797,auth|PUT|/auth/cli/hsm/config
auth,auth,GET,/auth/identity/providers?tenant_id={param},/auth/identity/providers,True,serviceRequest,web/dashboard/src/lib/authAdmin.ts,810,auth|GET|/auth/identity/providers
auth,auth,PUT,/auth/identity/providers/{param}?tenant_id={param},/auth/identity/providers/{param},True,serviceRequest,web/dashboard/src/lib/authAdmin.ts,828,auth|PUT|/auth/identity/providers/{param}
auth,auth,POST,/auth/identity/providers/{param}/test?tenant_id={param},/auth/identity/providers/{param}/test,True,serviceRequest,web/dashboard/src/lib/authAdmin.ts,859,auth|POST|/auth/identity/providers/{param}/test
auth,auth,GET,"/auth/identity/providers/{param}/users{param}` : """"}","/auth/identity/providers/{param}/users{param}` : """"}",True,serviceRequest,web/dashboard/src/lib/authAdmin.ts,898,"auth|GET|/auth/identity/providers/{param}/users{param}` : """"}"
auth,auth,GET,"/auth/identity/providers/{param}/groups{param}` : """"}","/auth/identity/providers/{param}/groups{param}` : """"}",True,serviceRequest,web/dashboard/src/lib/authAdmin.ts,928,"auth|GET|/auth/identity/providers/{param}/groups{param}` : """"}"
auth,auth,GET,"/auth/identity/providers/{param}/groups/{param}/members{param}` : """"}","/auth/identity/providers/{param}/groups/{param}/members{param}` : """"}",True,serviceRequest,web/dashboard/src/lib/authAdmin.ts,954,"auth|GET|/auth/identity/providers/{param}/groups/{param}/members{param}` : """"}"
auth,auth,POST,/auth/identity/import/users,/auth/identity/import/users,False,serviceRequest,web/dashboard/src/lib/authAdmin.ts,975,auth|POST|/auth/identity/import/users
auth,auth,GET,/auth/groups/roles?tenant_id={param},/auth/groups/roles,True,serviceRequest,web/dashboard/src/lib/authAdmin.ts,996,auth|GET|/auth/groups/roles
auth,auth,PUT,/auth/groups/{param}/role?tenant_id={param},/auth/groups/{param}/role,True,serviceRequest,web/dashboard/src/lib/authAdmin.ts,1008,auth|PUT|/auth/groups/{param}/role
auth,auth,DELETE,/auth/groups/{param}/role?tenant_id={param},/auth/groups/{param}/role,True,serviceRequest,web/dashboard/src/lib/authAdmin.ts,1027,auth|DELETE|/auth/groups/{param}/role
auth,auth,GET,/auth/scim/settings?tenant_id={param},/auth/scim/settings,True,serviceRequest,web/dashboard/src/lib/authAdmin.ts,1038,auth|GET|/auth/scim/settings
auth,auth,PUT,/auth/scim/settings,/auth/scim/settings,False,serviceRequest,web/dashboard/src/lib/authAdmin.ts,1046,auth|PUT|/auth/scim/settings
auth,auth,POST,/auth/scim/settings/rotate-token,/auth/scim/settings/rotate-token,False,serviceRequest,web/dashboard/src/lib/authAdmin.ts,1065,auth|POST|/auth/scim/settings/rotate-token
auth,auth,GET,/auth/scim/summary?tenant_id={param},/auth/scim/summary,True,serviceRequest,web/dashboard/src/lib/authAdmin.ts,1076,auth|GET|/auth/scim/summary
auth,auth,GET,/auth/scim/users?tenant_id={param},/auth/scim/users,True,serviceRequest,web/dashboard/src/lib/authAdmin.ts,1083,auth|GET|/auth/scim/users
auth,auth,GET,/auth/scim/groups?tenant_id={param},/auth/scim/groups,True,serviceRequest,web/dashboard/src/lib/authAdmin.ts,1090,auth|GET|/auth/scim/groups
auth,auth,GET,/auth/sso/providers,/auth/sso/providers,True,fetch,web/dashboard/src/lib/authAdmin.ts,1098,auth|GET|/auth/sso/providers
auth,auth,GET,/auth/sso/{param}/login,/auth/sso/{param}/login,True,fetch,web/dashboard/src/lib/authAdmin.ts,1106,auth|GET|/auth/sso/{param}/login
autokey,autokey,GET,/autokey/settings?{param},/autokey/settings,True,serviceRequest,web/dashboard/src/lib/autokey.ts,159,autokey|GET|/autokey/settings
autokey,autokey,PUT,/autokey/settings?{param},/autokey/settings,True,serviceRequest,web/dashboard/src/lib/autokey.ts,164,autokey|PUT|/autokey/settings
autokey,autokey,GET,/autokey/summary?{param},/autokey/summary,True,serviceRequest,web/dashboard/src/lib/autokey.ts,172,autokey|GET|/autokey/summary
autokey,autokey,GET,/autokey/templates?{param},/autokey/templates,True,serviceRequest,web/dashboard/src/lib/autokey.ts,177,autokey|GET|/autokey/templates
autokey,autokey,DELETE,/autokey/templates/{param}?{param},/autokey/templates/{param},True,serviceRequest,web/dashboard/src/lib/autokey.ts,192,autokey|DELETE|/autokey/templates/{param}
autokey,autokey,GET,/autokey/service-policies?{param},/autokey/service-policies,True,serviceRequest,web/dashboard/src/lib/autokey.ts,198,autokey|GET|/autokey/service-policies
autokey,autokey,DELETE,/autokey/service-policies/{param}?{param},/autokey/service-policies/{param},True,serviceRequest,web/dashboard/src/lib/autokey.ts,213,autokey|DELETE|/autokey/service-policies/{param}
autokey,autokey,POST,/autokey/requests,/autokey/requests,False,serviceRequest,web/dashboard/src/lib/autokey.ts,219,autokey|POST|/autokey/requests
autokey,autokey,GET,/autokey/requests?{param},/autokey/requests,True,serviceRequest,web/dashboard/src/lib/autokey.ts,231,autokey|GET|/autokey/requests
autokey,autokey,GET,/autokey/requests/{param}?{param},/autokey/requests/{param},True,serviceRequest,web/dashboard/src/lib/autokey.ts,236,autokey|GET|/autokey/requests/{param}
autokey,autokey,GET,/autokey/handles?{param},/autokey/handles,True,serviceRequest,web/dashboard/src/lib/autokey.ts,245,autokey|GET|/autokey/handles
backup,backup,GET,/backup/policies,/backup/policies,False,serviceRequest,web/dashboard/src/lib/backup.ts,66,backup|GET|/backup/policies
backup,backup,POST,/backup/policies,/backup/policies,False,serviceRequest,web/dashboard/src/lib/backup.ts,71,backup|POST|/backup/policies
backup,backup,PATCH,/backup/policies/{param},/backup/policies/{param},True,serviceRequest,web/dashboard/src/lib/backup.ts,75,backup|PATCH|/backup/policies/{param}
backup,backup,DELETE,/backup/policies/{param},/backup/policies/{param},True,serviceRequest,web/dashboard/src/lib/backup.ts,79,backup|DELETE|/backup/policies/{param}
backup,backup,POST,/backup/policies/{param}/trigger,/backup/policies/{param}/trigger,True,serviceRequest,web/dashboard/src/lib/backup.ts,83,backup|POST|/backup/policies/{param}/trigger
backup,backup,GET,/backup/runs,/backup/runs,False,serviceRequest,web/dashboard/src/lib/backup.ts,87,backup|GET|/backup/runs
backup,backup,GET,/backup/runs/{param},/backup/runs/{param},True,serviceRequest,web/dashboard/src/lib/backup.ts,92,backup|GET|/backup/runs/{param}
backup,backup,GET,/backup/restore-points,/backup/restore-points,False,serviceRequest,web/dashboard/src/lib/backup.ts,96,backup|GET|/backup/restore-points
backup,backup,POST,/backup/restore-points/{param}/restore,/backup/restore-points/{param}/restore,True,serviceRequest,web/dashboard/src/lib/backup.ts,101,backup|POST|/backup/restore-points/{param}/restore
backup,backup,GET,/backup/metrics,/backup/metrics,False,serviceRequest,web/dashboard/src/lib/backup.ts,105,backup|GET|/backup/metrics
keycore,keycore,GET,/ceremony/guardians,/ceremony/guardians,False,serviceRequest,web/dashboard/src/lib/ceremony.ts,48,keycore|GET|/ceremony/guardians
keycore,keycore,POST,/ceremony/guardians,/ceremony/guardians,False,serviceRequest,web/dashboard/src/lib/ceremony.ts,53,keycore|POST|/ceremony/guardians
keycore,keycore,DELETE,/ceremony/guardians/{param},/ceremony/guardians/{param},True,serviceRequest,web/dashboard/src/lib/ceremony.ts,57,keycore|DELETE|/ceremony/guardians/{param}
keycore,keycore,GET,/ceremony,/ceremony,False,serviceRequest,web/dashboard/src/lib/ceremony.ts,61,keycore|GET|/ceremony
keycore,keycore,GET,/ceremony/{param},/ceremony/{param},True,serviceRequest,web/dashboard/src/lib/ceremony.ts,66,keycore|GET|/ceremony/{param}
keycore,keycore,POST,/ceremony,/ceremony,False,serviceRequest,web/dashboard/src/lib/ceremony.ts,70,keycore|POST|/ceremony
keycore,keycore,POST,/ceremony/{param}/shares,/ceremony/{param}/shares,True,serviceRequest,web/dashboard/src/lib/ceremony.ts,74,keycore|POST|/ceremony/{param}/shares
keycore,keycore,POST,/ceremony/{param}/complete,/ceremony/{param}/complete,True,serviceRequest,web/dashboard/src/lib/ceremony.ts,81,keycore|POST|/ceremony/{param}/complete
keycore,keycore,POST,/ceremony/{param}/abort,/ceremony/{param}/abort,True,serviceRequest,web/dashboard/src/lib/ceremony.ts,85,keycore|POST|/ceremony/{param}/abort
certs,certs,GET,/certs/ca?{param},/certs/ca,True,serviceRequest,web/dashboard/src/lib/certs.ts,419,certs|GET|/certs/ca
certs,certs,POST,/certs/ca,/certs/ca,False,serviceRequest,web/dashboard/src/lib/certs.ts,424,certs|POST|/certs/ca
certs,certs,DELETE,/certs/ca/{param}?{param},/certs/ca/{param},True,serviceRequest,web/dashboard/src/lib/certs.ts,440,certs|DELETE|/certs/ca/{param}
certs,certs,GET,/certs?{param},/certs,True,serviceRequest,web/dashboard/src/lib/certs.ts,464,certs|GET|/certs
certs,certs,POST,/certs,/certs,False,serviceRequest,web/dashboard/src/lib/certs.ts,472,certs|POST|/certs
certs,certs,POST,/certs/sign-csr,/certs/sign-csr,False,serviceRequest,web/dashboard/src/lib/certs.ts,489,certs|POST|/certs/sign-csr
certs,certs,POST,/certs/{param}/renew?{param},/certs/{param}/renew,True,serviceRequest,web/dashboard/src/lib/certs.ts,505,certs|POST|/certs/{param}/renew
certs,certs,POST,/certs/{param}/revoke?{param},/certs/{param}/revoke,True,serviceRequest,web/dashboard/src/lib/certs.ts,524,certs|POST|/certs/{param}/revoke
certs,certs,DELETE,/certs/{param}?{param},/certs/{param},True,serviceRequest,web/dashboard/src/lib/certs.ts,538,certs|DELETE|/certs/{param}
certs,certs,GET,/certs/download/{param}?{param},/certs/download/{param},True,serviceRequest,web/dashboard/src/lib/certs.ts,567,certs|GET|/certs/download/{param}
certs,certs,GET,/certs/crl?{param}&ca_id={param},/certs/crl,True,serviceRequest,web/dashboard/src/lib/certs.ts,579,certs|GET|/certs/crl
certs,certs,GET,/certs/ocsp?{param},/certs/ocsp,True,serviceRequest,web/dashboard/src/lib/certs.ts,598,certs|GET|/certs/ocsp
certs,certs,GET,/certs/profiles?{param},/certs/profiles,True,serviceRequest,web/dashboard/src/lib/certs.ts,602,certs|GET|/certs/profiles
certs,certs,GET,/certs/inventory?{param},/certs/inventory,True,serviceRequest,web/dashboard/src/lib/certs.ts,607,certs|GET|/certs/inventory
certs,certs,GET,/certs/security/status?{param},/certs/security/status,True,serviceRequest,web/dashboard/src/lib/certs.ts,612,certs|GET|/certs/security/status
certs,certs,GET,/certs/alert-policy?{param},/certs/alert-policy,True,serviceRequest,web/dashboard/src/lib/certs.ts,626,certs|GET|/certs/alert-policy
certs,certs,PUT,/certs/alert-policy?{param},/certs/alert-policy,True,serviceRequest,web/dashboard/src/lib/certs.ts,634,certs|PUT|/certs/alert-policy
certs,certs,GET,/certs/clm/status?{param},/certs/clm/status,True,serviceRequest,web/dashboard/src/lib/certs.ts,675,certs|GET|/certs/clm/status
certs,certs,PUT,/certs/clm/policy?{param},/certs/clm/policy,True,serviceRequest,web/dashboard/src/lib/certs.ts,683,certs|PUT|/certs/clm/policy
certs,certs,GET,/certs/renewal-intelligence?{param},/certs/renewal-intelligence,True,serviceRequest,web/dashboard/src/lib/certs.ts,697,certs|GET|/certs/renewal-intelligence
certs,certs,POST,/certs/renewal-intelligence/refresh?{param},/certs/renewal-intelligence/refresh,True,serviceRequest,web/dashboard/src/lib/certs.ts,706,certs|POST|/certs/renewal-intelligence/refresh
certs,certs,GET,/certs/renewal-intelligence/{param}?{param},/certs/renewal-intelligence/{param},True,serviceRequest,web/dashboard/src/lib/certs.ts,718,certs|GET|/certs/renewal-intelligence/{param}
certs,certs,GET,/certs/star/summary?{param},/certs/star/summary,True,serviceRequest,web/dashboard/src/lib/certs.ts,727,certs|GET|/certs/star/summary
certs,certs,GET,/certs/star/subscriptions?{param},/certs/star/subscriptions,True,serviceRequest,web/dashboard/src/lib/certs.ts,739,certs|GET|/certs/star/subscriptions
certs,certs,POST,/certs/star/subscriptions,/certs/star/subscriptions,False,serviceRequest,web/dashboard/src/lib/certs.ts,751,certs|POST|/certs/star/subscriptions
certs,certs,POST,/certs/star/subscriptions/{param}/refresh,/certs/star/subscriptions/{param}/refresh,True,serviceRequest,web/dashboard/src/lib/certs.ts,767,certs|POST|/certs/star/subscriptions/{param}/refresh
certs,certs,DELETE,/certs/star/subscriptions/{param}?{param},/certs/star/subscriptions/{param},True,serviceRequest,web/dashboard/src/lib/certs.ts,784,certs|DELETE|/certs/star/subscriptions/{param}
certs,certs,POST,/certs/upload-3p,/certs/upload-3p,False,serviceRequest,web/dashboard/src/lib/certs.ts,798,certs|POST|/certs/upload-3p
certs,certs,GET,/certs/protocols?{param},/certs/protocols,True,serviceRequest,web/dashboard/src/lib/certs.ts,816,certs|GET|/certs/protocols
certs,certs,GET,/certs/protocols/schema?{param},/certs/protocols/schema,True,serviceRequest,web/dashboard/src/lib/certs.ts,821,certs|GET|/certs/protocols/schema
certs,certs,PUT,/certs/protocols/{param}?{param},/certs/protocols/{param},True,serviceRequest,web/dashboard/src/lib/certs.ts,834,certs|PUT|/certs/protocols/{param}
certs,certs,POST,/acme/new-account,/acme/new-account,False,serviceRequest,web/dashboard/src/lib/certs.ts,851,certs|POST|/acme/new-account
certs,certs,POST,/acme/new-order,/acme/new-order,False,serviceRequest,web/dashboard/src/lib/certs.ts,861,certs|POST|/acme/new-order
certs,certs,POST,/acme/challenge/{param},/acme/challenge/{param},True,serviceRequest,web/dashboard/src/lib/certs.ts,881,certs|POST|/acme/challenge/{param}
certs,certs,POST,/acme/finalize/{param},/acme/finalize/{param},True,serviceRequest,web/dashboard/src/lib/certs.ts,892,certs|POST|/acme/finalize/{param}
certs,certs,POST,/est/.well-known/est/serverkeygen,/est/.well-known/est/serverkeygen,False,serviceRequest,web/dashboard/src/lib/certs.ts,908,certs|POST|/est/.well-known/est/serverkeygen
certs,certs,POST,/scep/pkiclient.exe?operation=pkioperation,/scep/pkiclient.exe,False,serviceRequest,web/dashboard/src/lib/certs.ts,924,certs|POST|/scep/pkiclient.exe
certs,certs,POST,/cmpv2,/cmpv2,False,serviceRequest,web/dashboard/src/lib/certs.ts,945,certs|POST|/cmpv2
certs,certs,GET,/acme/challenge/{param}?{param}&order_id={param},/acme/challenge/{param},True,serviceRequest,web/dashboard/src/lib/certs.ts,969,certs|GET|/acme/challenge/{param}
certs,certs,GET,/est/.well-known/est/csrattrs?{param},/est/.well-known/est/csrattrs,True,serviceRequest,web/dashboard/src/lib/certs.ts,980,certs|GET|/est/.well-known/est/csrattrs
certs,certs,POST,/est/.well-known/est/simpleenroll,/est/.well-known/est/simpleenroll,False,serviceRequest,web/dashboard/src/lib/certs.ts,993,certs|POST|/est/.well-known/est/simpleenroll
certs,certs,GET,/scep/pkiclient.exe?{param},/scep/pkiclient.exe,True,serviceRequest,web/dashboard/src/lib/certs.ts,1023,certs|GET|/scep/pkiclient.exe
certs,certs,POST,/cmpv2/confirm,/cmpv2/confirm,False,serviceRequest,web/dashboard/src/lib/certs.ts,1039,certs|POST|/cmpv2/confirm
certs,certs,GET,/certs/internal-mtls?{param},/certs/internal-mtls,True,serviceRequest,web/dashboard/src/lib/certs.ts,1108,certs|GET|/certs/internal-mtls
certs,certs,PUT,/certs/internal-mtls/{param}/policy?{param},/certs/internal-mtls/{param}/policy,True,serviceRequest,web/dashboard/src/lib/certs.ts,1116,certs|PUT|/certs/internal-mtls/{param}/policy
certs,certs,POST,/certs/internal-mtls/{param}/rotate?{param},/certs/internal-mtls/{param}/rotate,True,serviceRequest,web/dashboard/src/lib/certs.ts,1123,certs|POST|/certs/internal-mtls/{param}/rotate
certs,certs,POST,/certs/internal-mtls/rotate-all?{param},/certs/internal-mtls/rotate-all,True,serviceRequest,web/dashboard/src/lib/certs.ts,1135,certs|POST|/certs/internal-mtls/rotate-all
certs,certs,GET,/certs/edge-tls?{param},/certs/edge-tls,True,serviceRequest,web/dashboard/src/lib/certs.ts,1170,certs|GET|/certs/edge-tls
certs,certs,PUT,/certs/edge-tls?{param},/certs/edge-tls,True,serviceRequest,web/dashboard/src/lib/certs.ts,1175,certs|PUT|/certs/edge-tls
certs,certs,PUT,/certs/edge-tls/certificate?{param},/certs/edge-tls/certificate,True,serviceRequest,web/dashboard/src/lib/certs.ts,1187,certs|PUT|/certs/edge-tls/certificate
certs,certs,POST,/certs/edge-tls/csr?{param},/certs/edge-tls/csr,True,serviceRequest,web/dashboard/src/lib/certs.ts,1197,certs|POST|/certs/edge-tls/csr
certs,certs,POST,/certs/edge-tls/certificate/install?{param},/certs/edge-tls/certificate/install,True,serviceRequest,web/dashboard/src/lib/certs.ts,1205,certs|POST|/certs/edge-tls/certificate/install
cloud,cloud,GET,/cloud/accounts{param},/cloud/accounts{param},True,serviceRequest,web/dashboard/src/lib/cloud.ts,127,cloud|GET|/cloud/accounts{param}
cloud,cloud,POST,/cloud/accounts,/cloud/accounts,False,serviceRequest,web/dashboard/src/lib/cloud.ts,135,cloud|POST|/cloud/accounts
cloud,cloud,DELETE,/cloud/accounts/{param},/cloud/accounts/{param},True,serviceRequest,web/dashboard/src/lib/cloud.ts,152,cloud|DELETE|/cloud/accounts/{param}
cloud,cloud,GET,/cloud/region-mappings{param},/cloud/region-mappings{param},True,serviceRequest,web/dashboard/src/lib/cloud.ts,163,cloud|GET|/cloud/region-mappings{param}
cloud,cloud,POST,/cloud/region-mappings,/cloud/region-mappings,False,serviceRequest,web/dashboard/src/lib/cloud.ts,171,cloud|POST|/cloud/region-mappings
cloud,cloud,POST,/cloud/import,/cloud/import,False,serviceRequest,web/dashboard/src/lib/cloud.ts,184,cloud|POST|/cloud/import
cloud,cloud,POST,/cloud/bindings/{param}/rotate,/cloud/bindings/{param}/rotate,True,serviceRequest,web/dashboard/src/lib/cloud.ts,204,cloud|POST|/cloud/bindings/{param}/rotate
cloud,cloud,POST,/cloud/sync,/cloud/sync,False,serviceRequest,web/dashboard/src/lib/cloud.ts,217,cloud|POST|/cloud/sync
cloud,cloud,GET,/cloud/inventory{param},/cloud/inventory{param},True,serviceRequest,web/dashboard/src/lib/cloud.ts,242,cloud|GET|/cloud/inventory{param}
cloud,cloud,GET,/cloud/bindings{param},/cloud/bindings{param},True,serviceRequest,web/dashboard/src/lib/cloud.ts,263,cloud|GET|/cloud/bindings{param}
cluster,cluster-manager,GET,/cluster/overview?{param},/cluster/overview,True,serviceRequest,web/dashboard/src/lib/cluster.ts,141,cluster-manager|GET|/cluster/overview
cluster,cluster-manager,POST,/cluster/profiles,/cluster/profiles,False,serviceRequest,web/dashboard/src/lib/cluster.ts,155,cluster-manager|POST|/cluster/profiles
cluster,cluster-manager,DELETE,/cluster/profiles/{param}?{param},/cluster/profiles/{param},True,serviceRequest,web/dashboard/src/lib/cluster.ts,170,cluster-manager|DELETE|/cluster/profiles/{param}
cluster,cluster-manager,POST,/cluster/nodes,/cluster/nodes,False,serviceRequest,web/dashboard/src/lib/cluster.ts,192,cluster-manager|POST|/cluster/nodes
cluster,cluster-manager,POST,/cluster/nodes/{param}/role,/cluster/nodes/{param}/role,True,serviceRequest,web/dashboard/src/lib/cluster.ts,219,cluster-manager|POST|/cluster/nodes/{param}/role
cluster,cluster-manager,DELETE,/cluster/nodes/{param}?{param},/cluster/nodes/{param},True,serviceRequest,web/dashboard/src/lib/cluster.ts,235,cluster-manager|DELETE|/cluster/nodes/{param}
cluster,cluster-manager,GET,/cluster/sync/events?{param},/cluster/sync/events,True,serviceRequest,web/dashboard/src/lib/cluster.ts,264,cluster-manager|GET|/cluster/sync/events
cluster,cluster-manager,GET,/cluster/sync/checkpoint?{param},/cluster/sync/checkpoint,True,serviceRequest,web/dashboard/src/lib/cluster.ts,274,cluster-manager|GET|/cluster/sync/checkpoint
cluster,cluster-manager,GET,/cluster/logs?{param},/cluster/logs,True,serviceRequest,web/dashboard/src/lib/cluster.ts,288,cluster-manager|GET|/cluster/logs
cluster,cluster-manager,POST,/cluster/join/request,/cluster/join/request,False,serviceRequest,web/dashboard/src/lib/cluster.ts,301,cluster-manager|POST|/cluster/join/request
cluster,cluster-manager,POST,/cluster/join/connect?tenant_id={param},/cluster/join/connect,True,serviceRequest,web/dashboard/src/lib/cluster.ts,314,cluster-manager|POST|/cluster/join/connect
compliance,compliance,GET,/compliance/assessment?{param},/compliance/assessment,True,serviceRequestRaw,web/dashboard/src/lib/compliance.ts,163,compliance|GET|/compliance/assessment
compliance,compliance,POST,/compliance/assessment/run?{param},/compliance/assessment/run,True,serviceRequest,web/dashboard/src/lib/compliance.ts,182,compliance|POST|/compliance/assessment/run
compliance,compliance,GET,/compliance/assessment/history?{param}&limit={param},/compliance/assessment/history,True,serviceRequest,web/dashboard/src/lib/compliance.ts,198,compliance|GET|/compliance/assessment/history
compliance,compliance,GET,/compliance/assessment/delta?{param},/compliance/assessment/delta,True,serviceRequestRaw,web/dashboard/src/lib/compliance.ts,207,compliance|GET|/compliance/assessment/delta
compliance,compliance,GET,/compliance/assessment/schedule?{param},/compliance/assessment/schedule,True,serviceRequest,web/dashboard/src/lib/compliance.ts,223,compliance|GET|/compliance/assessment/schedule
compliance,compliance,GET,/compliance/frameworks,/compliance/frameworks,False,serviceRequest,web/dashboard/src/lib/compliance.ts,234,compliance|GET|/compliance/frameworks
compliance,compliance,GET,/compliance/templates?{param},/compliance/templates,True,serviceRequest,web/dashboard/src/lib/compliance.ts,239,compliance|GET|/compliance/templates
compliance,compliance,POST,/compliance/templates?{param},/compliance/templates,True,serviceRequest,web/dashboard/src/lib/compliance.ts,247,compliance|POST|/compliance/templates
compliance,compliance,DELETE,/compliance/templates/{param}?{param},/compliance/templates/{param},True,serviceRequest,web/dashboard/src/lib/compliance.ts,263,compliance|DELETE|/compliance/templates/{param}
compliance,compliance,PUT,/compliance/assessment/schedule,/compliance/assessment/schedule,False,serviceRequest,web/dashboard/src/lib/compliance.ts,272,compliance|PUT|/compliance/assessment/schedule
compliance,compliance,GET,/compliance/posture/breakdown?{param},/compliance/posture/breakdown,True,serviceRequest,web/dashboard/src/lib/compliance.ts,304,compliance|GET|/compliance/posture/breakdown
compliance,compliance,GET,/compliance/keys/hygiene?{param},/compliance/keys/hygiene,True,serviceRequest,web/dashboard/src/lib/compliance.ts,329,compliance|GET|/compliance/keys/hygiene
compliance,compliance,GET,/compliance/frameworks/{param}/gaps?{param},/compliance/frameworks/{param}/gaps,True,serviceRequest,web/dashboard/src/lib/compliance.ts,352,compliance|GET|/compliance/frameworks/{param}/gaps
compliance,compliance,GET,/compliance/audit/anomalies?{param},/compliance/audit/anomalies,True,serviceRequest,web/dashboard/src/lib/compliance.ts,380,compliance|GET|/compliance/audit/anomalies
compliance,compliance,GET,/compliance/evidence/export?{param},/compliance/evidence/export,True,serviceRequestRaw,web/dashboard/src/lib/compliance.ts,410,compliance|GET|/compliance/evidence/export
confidential,confidential,GET,/confidential/policy?{param},/confidential/policy,True,serviceRequest,web/dashboard/src/lib/confidential.ts,137,confidential|GET|/confidential/policy
confidential,confidential,PUT,/confidential/policy?{param},/confidential/policy,True,serviceRequest,web/dashboard/src/lib/confidential.ts,149,confidential|PUT|/confidential/policy
confidential,confidential,GET,/confidential/summary?{param},/confidential/summary,True,serviceRequest,web/dashboard/src/lib/confidential.ts,165,confidential|GET|/confidential/summary
confidential,confidential,POST,/confidential/evaluate,/confidential/evaluate,False,serviceRequest,web/dashboard/src/lib/confidential.ts,177,confidential|POST|/confidential/evaluate
confidential,confidential,GET,/confidential/releases?{param}&limit={param},/confidential/releases,True,serviceRequest,web/dashboard/src/lib/confidential.ts,196,confidential|GET|/confidential/releases
confidential,confidential,GET,/confidential/releases/{param}?{param},/confidential/releases/{param},True,serviceRequest,web/dashboard/src/lib/confidential.ts,208,confidential|GET|/confidential/releases/{param}
keycore,keycore,GET,/cost/metrics,/cost/metrics,False,trackedFetch,web/dashboard/src/lib/costOptimization.ts,6,keycore|GET|/cost/metrics
keycore,keycore,GET,/cost/suggestions,/cost/suggestions,False,trackedFetch,web/dashboard/src/lib/costOptimization.ts,12,keycore|GET|/cost/suggestions
keycore,keycore,POST,/cost/suggestions/{param}/apply,/cost/suggestions/{param}/apply,True,trackedFetch,web/dashboard/src/lib/costOptimization.ts,18,keycore|POST|/cost/suggestions/{param}/apply
keycore,keycore,GET,/agility/posture,/agility/posture,False,serviceRequest,web/dashboard/src/lib/cryptoAgility.ts,117,keycore|GET|/agility/posture
keycore,keycore,GET,/agility/policy/rules,/agility/policy/rules,False,serviceRequest,web/dashboard/src/lib/cryptoAgility.ts,122,keycore|GET|/agility/policy/rules
keycore,keycore,POST,/agility/policy/rules,/agility/policy/rules,False,serviceRequest,web/dashboard/src/lib/cryptoAgility.ts,127,keycore|POST|/agility/policy/rules
keycore,keycore,PUT,/agility/policy/rules/{param},/agility/policy/rules/{param},True,serviceRequest,web/dashboard/src/lib/cryptoAgility.ts,132,keycore|PUT|/agility/policy/rules/{param}
keycore,keycore,DELETE,/agility/policy/rules/{param},/agility/policy/rules/{param},True,serviceRequest,web/dashboard/src/lib/cryptoAgility.ts,137,keycore|DELETE|/agility/policy/rules/{param}
keycore,keycore,GET,/agility/migration-plans,/agility/migration-plans,False,serviceRequest,web/dashboard/src/lib/cryptoAgility.ts,141,keycore|GET|/agility/migration-plans
keycore,keycore,POST,/agility/migration-plans,/agility/migration-plans,False,serviceRequest,web/dashboard/src/lib/cryptoAgility.ts,156,keycore|POST|/agility/migration-plans
keycore,keycore,PATCH,/agility/migration-plans/{param},/agility/migration-plans/{param},True,serviceRequest,web/dashboard/src/lib/cryptoAgility.ts,161,keycore|PATCH|/agility/migration-plans/{param}
keycore,keycore,GET,/agility/caraf/assessment,/agility/caraf/assessment,False,serviceRequest,web/dashboard/src/lib/cryptoAgility.ts,247,keycore|GET|/agility/caraf/assessment
keycore,keycore,GET,/agility/caraf/threats,/agility/caraf/threats,False,serviceRequest,web/dashboard/src/lib/cryptoAgility.ts,252,keycore|GET|/agility/caraf/threats
keycore,keycore,DELETE,/agility/caraf/threats/{param},/agility/caraf/threats/{param},True,serviceRequest,web/dashboard/src/lib/cryptoAgility.ts,263,keycore|DELETE|/agility/caraf/threats/{param}
keycore,keycore,DELETE,/agility/caraf/assets/{param},/agility/caraf/assets/{param},True,serviceRequest,web/dashboard/src/lib/cryptoAgility.ts,273,keycore|DELETE|/agility/caraf/assets/{param}
keycore,keycore,PUT,/agility/caraf/assets/{param}/decision,/agility/caraf/assets/{param}/decision,True,serviceRequest,web/dashboard/src/lib/cryptoAgility.ts,277,keycore|PUT|/agility/caraf/assets/{param}/decision
keycore,keycore,GET,/agility/drills,/agility/drills,False,serviceRequest,web/dashboard/src/lib/cryptoAgility.ts,310,keycore|GET|/agility/drills
keycore,keycore,POST,/agility/drills,/agility/drills,False,serviceRequest,web/dashboard/src/lib/cryptoAgility.ts,315,keycore|POST|/agility/drills
dataprotect,dataprotect,GET,/token-vaults?{param},/token-vaults,True,serviceRequest,web/dashboard/src/lib/dataprotect.ts,425,dataprotect|GET|/token-vaults
dataprotect,dataprotect,POST,/token-vaults,/token-vaults,False,serviceRequest,web/dashboard/src/lib/dataprotect.ts,430,dataprotect|POST|/token-vaults
dataprotect,dataprotect,DELETE,/token-vaults/{param}?{param},/token-vaults/{param},True,serviceRequest,web/dashboard/src/lib/dataprotect.ts,450,dataprotect|DELETE|/token-vaults/{param}
dataprotect,dataprotect,GET,/token-vaults/external-schema?tenant_id={param}&provider={param},/token-vaults/external-schema,True,serviceRequest,web/dashboard/src/lib/dataprotect.ts,459,dataprotect|GET|/token-vaults/external-schema
dataprotect,dataprotect,POST,/tokenize,/tokenize,False,serviceRequest,web/dashboard/src/lib/dataprotect.ts,468,dataprotect|POST|/tokenize
dataprotect,dataprotect,POST,/detokenize,/detokenize,False,serviceRequest,web/dashboard/src/lib/dataprotect.ts,489,dataprotect|POST|/detokenize
dataprotect,dataprotect,POST,/fpe/encrypt,/fpe/encrypt,False,serviceRequest,web/dashboard/src/lib/dataprotect.ts,505,dataprotect|POST|/fpe/encrypt
dataprotect,dataprotect,POST,/fpe/decrypt,/fpe/decrypt,False,serviceRequest,web/dashboard/src/lib/dataprotect.ts,516,dataprotect|POST|/fpe/decrypt
dataprotect,dataprotect,POST,/masking-policies,/masking-policies,False,serviceRequest,web/dashboard/src/lib/dataprotect.ts,528,dataprotect|POST|/masking-policies
dataprotect,dataprotect,POST,/redaction-policies,/redaction-policies,False,serviceRequest,web/dashboard/src/lib/dataprotect.ts,556,dataprotect|POST|/redaction-policies
dataprotect,dataprotect,POST,/app/encrypt-fields,/app/encrypt-fields,False,serviceRequest,web/dashboard/src/lib/dataprotect.ts,583,dataprotect|POST|/app/encrypt-fields
dataprotect,dataprotect,POST,/app/decrypt-fields,/app/decrypt-fields,False,serviceRequest,web/dashboard/src/lib/dataprotect.ts,594,dataprotect|POST|/app/decrypt-fields
dataprotect,dataprotect,POST,/app/envelope-encrypt,/app/envelope-encrypt,False,serviceRequest,web/dashboard/src/lib/dataprotect.ts,605,dataprotect|POST|/app/envelope-encrypt
dataprotect,dataprotect,POST,/app/envelope-decrypt,/app/envelope-decrypt,False,serviceRequest,web/dashboard/src/lib/dataprotect.ts,616,dataprotect|POST|/app/envelope-decrypt
dataprotect,dataprotect,POST,/app/searchable-encrypt,/app/searchable-encrypt,False,serviceRequest,web/dashboard/src/lib/dataprotect.ts,627,dataprotect|POST|/app/searchable-encrypt
dataprotect,dataprotect,POST,/app/searchable-decrypt,/app/searchable-decrypt,False,serviceRequest,web/dashboard/src/lib/dataprotect.ts,638,dataprotect|POST|/app/searchable-decrypt
dataprotect,dataprotect,GET,/policy?tenant_id={param},/policy,True,serviceRequest,web/dashboard/src/lib/dataprotect.ts,649,dataprotect|GET|/policy
dataprotect,dataprotect,PUT,/policy?tenant_id={param},/policy,True,serviceRequest,web/dashboard/src/lib/dataprotect.ts,661,dataprotect|PUT|/policy
dataprotect,dataprotect,GET,/field-encryption/wrappers?{param},/field-encryption/wrappers,True,serviceRequest,web/dashboard/src/lib/dataprotect.ts,679,dataprotect|GET|/field-encryption/wrappers
dataprotect,dataprotect,POST,/field-encryption/register/init,/field-encryption/register/init,False,serviceRequest,web/dashboard/src/lib/dataprotect.ts,687,dataprotect|POST|/field-encryption/register/init
dataprotect,dataprotect,POST,/field-encryption/register/complete,/field-encryption/register/complete,False,serviceRequest,web/dashboard/src/lib/dataprotect.ts,701,dataprotect|POST|/field-encryption/register/complete
dataprotect,dataprotect,POST,/field-encryption/leases,/field-encryption/leases,False,serviceRequest,web/dashboard/src/lib/dataprotect.ts,729,dataprotect|POST|/field-encryption/leases
dataprotect,dataprotect,GET,/field-encryption/leases?{param},/field-encryption/leases,True,serviceRequest,web/dashboard/src/lib/dataprotect.ts,758,dataprotect|GET|/field-encryption/leases
dataprotect,dataprotect,POST,/field-encryption/receipts,/field-encryption/receipts,False,serviceRequest,web/dashboard/src/lib/dataprotect.ts,775,dataprotect|POST|/field-encryption/receipts
dataprotect,dataprotect,POST,/field-encryption/leases/{param}/revoke?tenant_id={param},/field-encryption/leases/{param}/revoke,True,serviceRequest,web/dashboard/src/lib/dataprotect.ts,799,dataprotect|POST|/field-encryption/leases/{param}/revoke
dataprotect,dataprotect,GET,/field-encryption/sdk/download?{param},/field-encryption/sdk/download,True,serviceRequest,web/dashboard/src/lib/dataprotect.ts,817,dataprotect|GET|/field-encryption/sdk/download
dataprotect,dataprotect,GET,/stats?tenant_id={param},/stats,True,serviceRequest,web/dashboard/src/lib/dataprotect.ts,852,dataprotect|GET|/stats
dataprotect,dataprotect,GET,/audit-log?{param},/audit-log,True,serviceRequest,web/dashboard/src/lib/dataprotect.ts,868,dataprotect|GET|/audit-log
dataprotect,dataprotect,GET,/kdf/keys?{param},/kdf/keys,True,serviceRequest,web/dashboard/src/lib/dataprotect.ts,902,dataprotect|GET|/kdf/keys
discovery,discovery,POST,/discovery/scan,/discovery/scan,False,serviceRequest,web/dashboard/src/lib/discovery.ts,57,discovery|POST|/discovery/scan
discovery,discovery,GET,/discovery/scans?{param}&limit={param},/discovery/scans,True,serviceRequest,web/dashboard/src/lib/discovery.ts,77,discovery|GET|/discovery/scans
discovery,discovery,GET,/discovery/scans/{param}?{param},/discovery/scans/{param},True,serviceRequest,web/dashboard/src/lib/discovery.ts,89,discovery|GET|/discovery/scans/{param}
discovery,discovery,GET,/discovery/assets?{param},/discovery/assets,True,serviceRequest,web/dashboard/src/lib/discovery.ts,112,discovery|GET|/discovery/assets
discovery,discovery,PUT,/discovery/assets/{param}/classify?{param},/discovery/assets/{param}/classify,True,serviceRequest,web/dashboard/src/lib/discovery.ts,126,discovery|PUT|/discovery/assets/{param}/classify
discovery,discovery,GET,/discovery/summary?{param},/discovery/summary,True,serviceRequest,web/dashboard/src/lib/discovery.ts,145,discovery|GET|/discovery/summary
compliance,compliance,GET,/compliance/risk/keys?{param}&limit={param},/compliance/risk/keys,True,serviceRequest,web/dashboard/src/lib/dri.ts,54,compliance|GET|/compliance/risk/keys
compliance,compliance,GET,/compliance/risk/summary?{param},/compliance/risk/summary,True,serviceRequest,web/dashboard/src/lib/dri.ts,62,compliance|GET|/compliance/risk/summary
compliance,compliance,GET,/compliance/risk/remediation?{param},/compliance/risk/remediation,True,serviceRequest,web/dashboard/src/lib/dri.ts,82,compliance|GET|/compliance/risk/remediation
ekm,ekm,GET,/ekm/agents?{param},/ekm/agents,True,serviceRequest,web/dashboard/src/lib/ekm.ts,285,ekm|GET|/ekm/agents
ekm,ekm,GET,/ekm/agents/{param}/status?{param},/ekm/agents/{param}/status,True,serviceRequest,web/dashboard/src/lib/ekm.ts,290,ekm|GET|/ekm/agents/{param}/status
ekm,ekm,GET,/ekm/agents/{param}/health?{param},/ekm/agents/{param}/health,True,serviceRequest,web/dashboard/src/lib/ekm.ts,299,ekm|GET|/ekm/agents/{param}/health
ekm,ekm,GET,/ekm/agents/{param}/logs?{param}&limit={param},/ekm/agents/{param}/logs,True,serviceRequest,web/dashboard/src/lib/ekm.ts,308,ekm|GET|/ekm/agents/{param}/logs
ekm,ekm,POST,/ekm/agents/register,/ekm/agents/register,False,serviceRequest,web/dashboard/src/lib/ekm.ts,317,ekm|POST|/ekm/agents/register
ekm,ekm,POST,/ekm/agents/{param}/rotate,/ekm/agents/{param}/rotate,True,serviceRequest,web/dashboard/src/lib/ekm.ts,336,ekm|POST|/ekm/agents/{param}/rotate
ekm,ekm,DELETE,/ekm/agents/{param},/ekm/agents/{param},True,serviceRequest,web/dashboard/src/lib/ekm.ts,355,ekm|DELETE|/ekm/agents/{param}
ekm,ekm,GET,/ekm/agents/{param}/deploy?{param}&os={param},/ekm/agents/{param}/deploy,True,serviceRequest,web/dashboard/src/lib/ekm.ts,375,ekm|GET|/ekm/agents/{param}/deploy
ekm,ekm,GET,/ekm/bitlocker/clients?{param}&limit={param},/ekm/bitlocker/clients,True,serviceRequest,web/dashboard/src/lib/ekm.ts,388,ekm|GET|/ekm/bitlocker/clients
ekm,ekm,GET,/ekm/bitlocker/clients/{param}?{param},/ekm/bitlocker/clients/{param},True,serviceRequest,web/dashboard/src/lib/ekm.ts,401,ekm|GET|/ekm/bitlocker/clients/{param}
ekm,ekm,GET,/ekm/bitlocker/clients/{param}/delete-preview?{param},/ekm/bitlocker/clients/{param}/delete-preview,True,serviceRequest,web/dashboard/src/lib/ekm.ts,414,ekm|GET|/ekm/bitlocker/clients/{param}/delete-preview
ekm,ekm,POST,/ekm/bitlocker/clients/register,/ekm/bitlocker/clients/register,False,serviceRequest,web/dashboard/src/lib/ekm.ts,427,ekm|POST|/ekm/bitlocker/clients/register
ekm,ekm,DELETE,/ekm/bitlocker/clients/{param},/ekm/bitlocker/clients/{param},True,serviceRequest,web/dashboard/src/lib/ekm.ts,454,ekm|DELETE|/ekm/bitlocker/clients/{param}
ekm,ekm,POST,/ekm/bitlocker/network/scan,/ekm/bitlocker/network/scan,False,serviceRequest,web/dashboard/src/lib/ekm.ts,475,ekm|POST|/ekm/bitlocker/network/scan
ekm,ekm,POST,/ekm/bitlocker/clients/{param}/operations,/ekm/bitlocker/clients/{param}/operations,True,serviceRequest,web/dashboard/src/lib/ekm.ts,501,ekm|POST|/ekm/bitlocker/clients/{param}/operations
ekm,ekm,GET,/ekm/bitlocker/clients/{param}/jobs?{param}&limit={param},/ekm/bitlocker/clients/{param}/jobs,True,serviceRequest,web/dashboard/src/lib/ekm.ts,525,ekm|GET|/ekm/bitlocker/clients/{param}/jobs
ekm,ekm,GET,/ekm/bitlocker/recovery?{param}&client_id={param}&limit={param},/ekm/bitlocker/recovery,True,serviceRequest,web/dashboard/src/lib/ekm.ts,539,ekm|GET|/ekm/bitlocker/recovery
ekm,ekm,GET,/ekm/bitlocker/clients/{param}/deploy?{param}&os={param},/ekm/bitlocker/clients/{param}/deploy,True,serviceRequest,web/dashboard/src/lib/ekm.ts,553,ekm|GET|/ekm/bitlocker/clients/{param}/deploy
ekm,ekm,POST,/ekm/databases,/ekm/databases,False,serviceRequest,web/dashboard/src/lib/ekm.ts,606,ekm|POST|/ekm/databases
ekm,ekm,GET,/ekm/sdk/overview?{param},/ekm/sdk/overview,True,serviceRequest,web/dashboard/src/lib/ekm.ts,624,ekm|GET|/ekm/sdk/overview
ekm,ekm,GET,/ekm/sdk/download?{param}&provider={param}&os={param},/ekm/sdk/download,True,serviceRequest,web/dashboard/src/lib/ekm.ts,638,ekm|GET|/ekm/sdk/download
ekm,ekm,GET,/ekm/azure/configs?{param},/ekm/azure/configs,True,serviceRequest,web/dashboard/src/lib/ekm.ts,689,ekm|GET|/ekm/azure/configs
ekm,ekm,GET,/ekm/azure/configs/{param}?{param},/ekm/azure/configs/{param},True,serviceRequest,web/dashboard/src/lib/ekm.ts,694,ekm|GET|/ekm/azure/configs/{param}
ekm,ekm,POST,/ekm/azure/configs,/ekm/azure/configs,False,serviceRequest,web/dashboard/src/lib/ekm.ts,712,ekm|POST|/ekm/azure/configs
ekm,ekm,PUT,/ekm/azure/configs/{param},/ekm/azure/configs/{param},True,serviceRequest,web/dashboard/src/lib/ekm.ts,731,ekm|PUT|/ekm/azure/configs/{param}
ekm,ekm,DELETE,/ekm/azure/configs/{param}?{param},/ekm/azure/configs/{param},True,serviceRequest,web/dashboard/src/lib/ekm.ts,741,ekm|DELETE|/ekm/azure/configs/{param}
ekm,ekm,POST,/ekm/azure/configs/{param}/test?{param},/ekm/azure/configs/{param}/test,True,serviceRequest,web/dashboard/src/lib/ekm.ts,747,ekm|POST|/ekm/azure/configs/{param}/test
ekm,ekm,POST,/ekm/azure/configs/{param}/sync?{param},/ekm/azure/configs/{param}/sync,True,serviceRequest,web/dashboard/src/lib/ekm.ts,754,ekm|POST|/ekm/azure/configs/{param}/sync
ekm,ekm,GET,/ekm/azure/mappings?{param}{param},/ekm/azure/mappings,True,serviceRequest,web/dashboard/src/lib/ekm.ts,762,ekm|GET|/ekm/azure/mappings
ekm,ekm,POST,/ekm/azure/mappings,/ekm/azure/mappings,False,serviceRequest,web/dashboard/src/lib/ekm.ts,772,ekm|POST|/ekm/azure/mappings
ekm,ekm,DELETE,/ekm/azure/mappings/{param}?{param},/ekm/azure/mappings/{param},True,serviceRequest,web/dashboard/src/lib/ekm.ts,780,ekm|DELETE|/ekm/azure/mappings/{param}
ekm,ekm,POST,/ekm/azure/mappings/{param}/import?{param},/ekm/azure/mappings/{param}/import,True,serviceRequest,web/dashboard/src/lib/ekm.ts,786,ekm|POST|/ekm/azure/mappings/{param}/import
ekm,ekm,POST,/ekm/azure/mappings/{param}/rotate?{param},/ekm/azure/mappings/{param}/rotate,True,serviceRequest,web/dashboard/src/lib/ekm.ts,793,ekm|POST|/ekm/azure/mappings/{param}/rotate
ekm,ekm,POST,/ekm/azure/mappings/{param}/wrap,/ekm/azure/mappings/{param}/wrap,True,serviceRequest,web/dashboard/src/lib/ekm.ts,800,ekm|POST|/ekm/azure/mappings/{param}/wrap
ekm,ekm,POST,/ekm/azure/mappings/{param}/unwrap,/ekm/azure/mappings/{param}/unwrap,True,serviceRequest,web/dashboard/src/lib/ekm.ts,810,ekm|POST|/ekm/azure/mappings/{param}/unwrap
ekm,ekm,GET,/ekm/google-cse/configs?tenant_id={param},/ekm/google-cse/configs,True,serviceRequest,web/dashboard/src/lib/ekm.ts,852,ekm|GET|/ekm/google-cse/configs
ekm,ekm,POST,/ekm/google-cse/configs,/ekm/google-cse/configs,False,serviceRequest,web/dashboard/src/lib/ekm.ts,866,ekm|POST|/ekm/google-cse/configs
ekm,ekm,PUT,/ekm/google-cse/configs/{param}?tenant_id={param},/ekm/google-cse/configs/{param},True,serviceRequest,web/dashboard/src/lib/ekm.ts,881,ekm|PUT|/ekm/google-cse/configs/{param}
ekm,ekm,DELETE,/ekm/google-cse/configs/{param}?tenant_id={param},/ekm/google-cse/configs/{param},True,serviceRequest,web/dashboard/src/lib/ekm.ts,891,ekm|DELETE|/ekm/google-cse/configs/{param}
ekm,ekm,POST,/ekm/google-cse/keys,/ekm/google-cse/keys,False,serviceRequest,web/dashboard/src/lib/ekm.ts,911,ekm|POST|/ekm/google-cse/keys
ekm,ekm,DELETE,/ekm/google-cse/keys/{param}?tenant_id={param},/ekm/google-cse/keys/{param},True,serviceRequest,web/dashboard/src/lib/ekm.ts,921,ekm|DELETE|/ekm/google-cse/keys/{param}
ekm,ekm,POST,/ekm/tde/keys/{param}/revoke,/ekm/tde/keys/{param}/revoke,True,serviceRequest,web/dashboard/src/lib/ekm.ts,930,ekm|POST|/ekm/tde/keys/{param}/revoke
ekm,ekm,POST,/ekm/databases/{param}/revoke-tde,/ekm/databases/{param}/revoke-tde,True,serviceRequest,web/dashboard/src/lib/ekm.ts,944,ekm|POST|/ekm/databases/{param}/revoke-tde
ekm,ekm,GET,/ekm/agents/{param}/validate-deploy?{param},/ekm/agents/{param}/validate-deploy,True,serviceRequest,web/dashboard/src/lib/ekm.ts,958,ekm|GET|/ekm/agents/{param}/validate-deploy
tfe,tfe,GET,/tfe/file-encrypt/download?{param},/tfe/file-encrypt/download,True,serviceRequest,web/dashboard/src/lib/ekm.ts,1005,tfe|GET|/tfe/file-encrypt/download
governance,governance,GET,/governance/settings?tenant_id={param},/governance/settings,True,serviceRequest,web/dashboard/src/lib/governance.ts,126,governance|GET|/governance/settings
governance,governance,GET,/governance/system/state?tenant_id={param},/governance/system/state,True,serviceRequest,web/dashboard/src/lib/governance.ts,135,governance|GET|/governance/system/state
governance,governance,PUT,/governance/system/state,/governance/system/state,False,serviceRequest,web/dashboard/src/lib/governance.ts,151,governance|PUT|/governance/system/state
governance,governance,POST,/governance/system/snmp/test,/governance/system/snmp/test,False,serviceRequest,web/dashboard/src/lib/governance.ts,167,governance|POST|/governance/system/snmp/test
governance,governance,PUT,/governance/settings,/governance/settings,False,serviceRequest,web/dashboard/src/lib/governance.ts,180,governance|PUT|/governance/settings
governance,governance,POST,/governance/settings/smtp/test,/governance/settings/smtp/test,False,serviceRequest,web/dashboard/src/lib/governance.ts,191,governance|POST|/governance/settings/smtp/test
governance,governance,POST,/governance/settings/webhook/test,/governance/settings/webhook/test,False,serviceRequest,web/dashboard/src/lib/governance.ts,203,governance|POST|/governance/settings/webhook/test
compliance,compliance,GET,/compliance/playbooks/connections,/compliance/playbooks/connections,False,serviceRequest,web/dashboard/src/lib/governance.ts,218,compliance|GET|/compliance/playbooks/connections
governance,governance,POST,/governance/backups,/governance/backups,False,serviceRequest,web/dashboard/src/lib/governance.ts,232,governance|POST|/governance/backups
governance,governance,GET,/governance/backups?{param},/governance/backups,True,serviceRequest,web/dashboard/src/lib/governance.ts,270,governance|GET|/governance/backups
governance,governance,GET,/governance/backups/{param}/artifact?tenant_id={param},/governance/backups/{param}/artifact,True,serviceRequest,web/dashboard/src/lib/governance.ts,278,governance|GET|/governance/backups/{param}/artifact
governance,governance,GET,/governance/backups/{param}/key?tenant_id={param},/governance/backups/{param}/key,True,serviceRequest,web/dashboard/src/lib/governance.ts,290,governance|GET|/governance/backups/{param}/key
governance,governance,POST,/governance/backups/verify,/governance/backups/verify,False,serviceRequest,web/dashboard/src/lib/governance.ts,324,governance|POST|/governance/backups/verify
governance,governance,POST,/governance/backups/restore,/governance/backups/restore,False,serviceRequest,web/dashboard/src/lib/governance.ts,342,governance|POST|/governance/backups/restore
governance,governance,DELETE,/governance/backups/{param}?{param},/governance/backups/{param},True,serviceRequest,web/dashboard/src/lib/governance.ts,367,governance|DELETE|/governance/backups/{param}
governance,governance,GET,/governance/policies?{param},/governance/policies,True,serviceRequest,web/dashboard/src/lib/governance.ts,389,governance|GET|/governance/policies
governance,governance,POST,/governance/policies,/governance/policies,False,serviceRequest,web/dashboard/src/lib/governance.ts,401,governance|POST|/governance/policies
governance,governance,PUT,/governance/policies/{param},/governance/policies/{param},True,serviceRequest,web/dashboard/src/lib/governance.ts,416,governance|PUT|/governance/policies/{param}
governance,governance,GET,/governance/requests?{param},/governance/requests,True,serviceRequest,web/dashboard/src/lib/governance.ts,447,governance|GET|/governance/requests
governance,governance,GET,/governance/requests/{param}?tenant_id={param},/governance/requests/{param},True,serviceRequest,web/dashboard/src/lib/governance.ts,460,governance|GET|/governance/requests/{param}
governance,governance,POST,/governance/approve/{param},/governance/approve/{param},True,serviceRequest,web/dashboard/src/lib/governance.ts,480,governance|POST|/governance/approve/{param}
governance,governance,GET,/governance/system/fips-mode?{param},/governance/system/fips-mode,True,serviceRequest,web/dashboard/src/lib/governance.ts,537,governance|GET|/governance/system/fips-mode
governance,governance,GET,/governance/system/fips-mode/impact?{param}&target={param},/governance/system/fips-mode/impact,True,serviceRequest,web/dashboard/src/lib/governance.ts,542,governance|GET|/governance/system/fips-mode/impact
governance,governance,PUT,/governance/system/fips-mode?{param},/governance/system/fips-mode,True,serviceRequest,web/dashboard/src/lib/governance.ts,551,governance|PUT|/governance/system/fips-mode
watchdog,watchdog,GET,/watchdog/heartbeats,/watchdog/heartbeats,False,serviceRequest,web/dashboard/src/lib/health.ts,35,watchdog|GET|/watchdog/heartbeats
watchdog,watchdog,GET,/watchdog/incidents,/watchdog/incidents,False,serviceRequest,web/dashboard/src/lib/health.ts,40,watchdog|GET|/watchdog/incidents
reconciler,reconciler,GET,/reconciler/status,/reconciler/status,False,serviceRequest,web/dashboard/src/lib/health.ts,45,reconciler|GET|/reconciler/status
hyok,hyok,GET,/hyok/v1/endpoints?{param},/hyok/v1/endpoints,True,serviceRequest,web/dashboard/src/lib/hyok.ts,112,hyok|GET|/hyok/v1/endpoints
hyok,hyok,PUT,/hyok/v1/endpoints/{param},/hyok/v1/endpoints/{param},True,serviceRequest,web/dashboard/src/lib/hyok.ts,127,hyok|PUT|/hyok/v1/endpoints/{param}
hyok,hyok,DELETE,/hyok/v1/endpoints/{param}?{param},/hyok/v1/endpoints/{param},True,serviceRequest,web/dashboard/src/lib/hyok.ts,142,hyok|DELETE|/hyok/v1/endpoints/{param}
hyok,hyok,GET,/hyok/v1/requests?{param},/hyok/v1/requests,True,serviceRequest,web/dashboard/src/lib/hyok.ts,162,hyok|GET|/hyok/v1/requests
hyok,hyok,GET,/hyok/v1/health?{param},/hyok/v1/health,True,serviceRequest,web/dashboard/src/lib/hyok.ts,167,hyok|GET|/hyok/v1/health
hyok,hyok,POST,/hyok/{param}/v1/keys/{param}/{param}?{param},/hyok/{param}/v1/keys/{param}/{param},True,serviceRequest,web/dashboard/src/lib/hyok.ts,180,hyok|POST|/hyok/{param}/v1/keys/{param}/{param}
hyok,hyok,GET,/hyok/dke/v1/keys/{param}/publickey?{param},/hyok/dke/v1/keys/{param}/publickey,True,serviceRequest,web/dashboard/src/lib/hyok.ts,205,hyok|GET|/hyok/dke/v1/keys/{param}/publickey
keycore,keycore,GET,/analytics/keys,/analytics/keys,True,trackedFetch,web/dashboard/src/lib/keyAnalytics.ts,7,keycore|GET|/analytics/keys
keycore,keycore,GET,/analytics/report,/analytics/report,True,trackedFetch,web/dashboard/src/lib/keyAnalytics.ts,13,keycore|GET|/analytics/report
keycore,keycore,GET,/analytics/usage-timeline,/analytics/usage-timeline,False,trackedFetch,web/dashboard/src/lib/keyAnalytics.ts,19,keycore|GET|/analytics/usage-timeline
keycore,keycore,GET,/keys/{param}/consumers?tenant_id={param},/keys/{param}/consumers,True,serviceRequest,web/dashboard/src/lib/keyConsumers.ts,35,keycore|GET|/keys/{param}/consumers
keycore,keycore,GET,/federation/peers,/federation/peers,False,trackedFetch,web/dashboard/src/lib/keyFederation.ts,6,keycore|GET|/federation/peers
keycore,keycore,POST,/federation/peers,/federation/peers,False,trackedFetch,web/dashboard/src/lib/keyFederation.ts,12,keycore|POST|/federation/peers
keycore,keycore,POST,/federation/peers/{param}/sync,/federation/peers/{param}/sync,True,trackedFetch,web/dashboard/src/lib/keyFederation.ts,22,keycore|POST|/federation/peers/{param}/sync
keycore,keycore,DELETE,/federation/peers/{param},/federation/peers/{param},True,trackedFetch,web/dashboard/src/lib/keyFederation.ts,31,keycore|DELETE|/federation/peers/{param}
keycore,keycore,GET,/health/scores,/health/scores,False,trackedFetch,web/dashboard/src/lib/keyHealth.ts,6,keycore|GET|/health/scores
keycore,keycore,POST,/health/scores/{param}/refresh,/health/scores/{param}/refresh,True,trackedFetch,web/dashboard/src/lib/keyHealth.ts,12,keycore|POST|/health/scores/{param}/refresh
keycore,keycore,GET,/health/summary,/health/summary,False,trackedFetch,web/dashboard/src/lib/keyHealth.ts,21,keycore|GET|/health/summary
keycore,keycore,GET,/inventory/keys,/inventory/keys,False,trackedFetch,web/dashboard/src/lib/keyInventory.ts,6,keycore|GET|/inventory/keys
keycore,keycore,GET,/inventory/dependencies,/inventory/dependencies,False,trackedFetch,web/dashboard/src/lib/keyInventory.ts,12,keycore|GET|/inventory/dependencies
keycore,keycore,GET,/inventory/export,/inventory/export,False,trackedFetch,web/dashboard/src/lib/keyInventory.ts,18,keycore|GET|/inventory/export
keycore,keycore,GET,/scheduling/jobs,/scheduling/jobs,False,trackedFetch,web/dashboard/src/lib/keyScheduling.ts,6,keycore|GET|/scheduling/jobs
keycore,keycore,POST,/scheduling/jobs,/scheduling/jobs,False,trackedFetch,web/dashboard/src/lib/keyScheduling.ts,14,keycore|POST|/scheduling/jobs
keycore,keycore,PATCH,/scheduling/jobs/{param},/scheduling/jobs/{param},True,trackedFetch,web/dashboard/src/lib/keyScheduling.ts,26,keycore|PATCH|/scheduling/jobs/{param}
keycore,keycore,DELETE,/scheduling/jobs/{param},/scheduling/jobs/{param},True,trackedFetch,web/dashboard/src/lib/keyScheduling.ts,36,keycore|DELETE|/scheduling/jobs/{param}
keycore,keycore,POST,/keys/{param}/verify-material,/keys/{param}/verify-material,True,trackedFetch,web/dashboard/src/lib/keyVerification.ts,6,keycore|POST|/keys/{param}/verify-material
keycore,keycore,GET,/keys,/keys,False,trackedFetch,web/dashboard/src/lib/keyVerification.ts,15,keycore|GET|/keys
keyaccess,keyaccess,GET,/key-access/settings?tenant_id={param},/key-access/settings,True,serviceRequest,web/dashboard/src/lib/keyaccess.ts,77,keyaccess|GET|/key-access/settings
keyaccess,keyaccess,PUT,/key-access/settings,/key-access/settings,False,serviceRequest,web/dashboard/src/lib/keyaccess.ts,82,keyaccess|PUT|/key-access/settings
keyaccess,keyaccess,GET,/key-access/summary?tenant_id={param},/key-access/summary,True,serviceRequest,web/dashboard/src/lib/keyaccess.ts,90,keyaccess|GET|/key-access/summary
keyaccess,keyaccess,GET,/key-access/codes?tenant_id={param},/key-access/codes,True,serviceRequest,web/dashboard/src/lib/keyaccess.ts,95,keyaccess|GET|/key-access/codes
keyaccess,keyaccess,DELETE,/key-access/codes/{param}?tenant_id={param},/key-access/codes/{param},True,serviceRequest,web/dashboard/src/lib/keyaccess.ts,110,keyaccess|DELETE|/key-access/codes/{param}
keyaccess,keyaccess,GET,/key-access/decisions?{param},/key-access/decisions,True,serviceRequest,web/dashboard/src/lib/keyaccess.ts,123,keyaccess|GET|/key-access/decisions
keycore,keycore,GET,/keys?tenant_id={param}&limit={param}&offset={param}&include_deleted={param},/keys,True,keycore.apiRequest,web/dashboard/src/lib/keycore.ts,506,keycore|GET|/keys
keycore,keycore,POST,/keys,/keys,False,keycore.apiRequest,web/dashboard/src/lib/keycore.ts,546,keycore|POST|/keys
keycore,keycore,GET,/hsm/objects?tenant_id={param},/hsm/objects,True,keycore.apiRequest,web/dashboard/src/lib/keycore.ts,636,keycore|GET|/hsm/objects
keycore,keycore,GET,/keys/{param}/hsm?tenant_id={param},/keys/{param}/hsm,True,keycore.apiRequest,web/dashboard/src/lib/keycore.ts,642,keycore|GET|/keys/{param}/hsm
keycore,keycore,GET,/hsm/settings?tenant_id={param},/hsm/settings,True,keycore.apiRequest,web/dashboard/src/lib/keycore.ts,655,keycore|GET|/hsm/settings
keycore,keycore,PUT,/hsm/settings,/hsm/settings,False,keycore.apiRequest,web/dashboard/src/lib/keycore.ts,662,keycore|PUT|/hsm/settings
keycore,keycore,POST,/keys/form,/keys/form,False,keycore.apiRequest,web/dashboard/src/lib/keycore.ts,670,keycore|POST|/keys/form
keycore,keycore,POST,/keys/import,/keys/import,False,keycore.apiRequest,web/dashboard/src/lib/keycore.ts,701,keycore|POST|/keys/import
keycore,keycore,POST,/keys/{param}/rotate?tenant_id={param},/keys/{param}/rotate,True,keycore.apiRequest,web/dashboard/src/lib/keycore.ts,736,keycore|POST|/keys/{param}/rotate
keycore,keycore,POST,/keys/{param}/verify-material?tenant_id={param},/keys/{param}/verify-material,True,keycore.apiRequest,web/dashboard/src/lib/keycore.ts,745,keycore|POST|/keys/{param}/verify-material
keycore,keycore,POST,/keys/{param}/attest?tenant_id={param},/keys/{param}/attest,True,keycore.apiRequest,web/dashboard/src/lib/keycore.ts,755,keycore|POST|/keys/{param}/attest
keycore,keycore,GET,/keys/{param}/versions?tenant_id={param},/keys/{param}/versions,True,keycore.apiRequest,web/dashboard/src/lib/keycore.ts,764,keycore|GET|/keys/{param}/versions
keycore,keycore,POST,/keys/{param}/encrypt,/keys/{param}/encrypt,True,keycore.apiRequest,web/dashboard/src/lib/keycore.ts,794,keycore|POST|/keys/{param}/encrypt
keycore,keycore,POST,/keys/{param}/generate-data-key,/keys/{param}/generate-data-key,True,keycore.apiRequest,web/dashboard/src/lib/keycore.ts,831,keycore|POST|/keys/{param}/generate-data-key
keycore,keycore,POST,/keys/{param}/decrypt,/keys/{param}/decrypt,True,keycore.apiRequest,web/dashboard/src/lib/keycore.ts,858,keycore|POST|/keys/{param}/decrypt
keycore,keycore,POST,/keys/{param}/sign,/keys/{param}/sign,True,keycore.apiRequest,web/dashboard/src/lib/keycore.ts,882,keycore|POST|/keys/{param}/sign
keycore,keycore,POST,/keys/{param}/verify,/keys/{param}/verify,True,keycore.apiRequest,web/dashboard/src/lib/keycore.ts,900,keycore|POST|/keys/{param}/verify
keycore,keycore,POST,/crypto/hash,/crypto/hash,False,keycore.apiRequest,web/dashboard/src/lib/keycore.ts,925,keycore|POST|/crypto/hash
keycore,keycore,POST,/crypto/random,/crypto/random,False,keycore.apiRequest,web/dashboard/src/lib/keycore.ts,946,keycore|POST|/crypto/random
keycore,keycore,POST,/keys/{param}/derive,/keys/{param}/derive,True,keycore.apiRequest,web/dashboard/src/lib/keycore.ts,975,keycore|POST|/keys/{param}/derive
keycore,keycore,POST,/keys/{param}/kem/encapsulate,/keys/{param}/kem/encapsulate,True,keycore.apiRequest,web/dashboard/src/lib/keycore.ts,1003,keycore|POST|/keys/{param}/kem/encapsulate
keycore,keycore,POST,/keys/{param}/kem/decapsulate,/keys/{param}/kem/decapsulate,True,keycore.apiRequest,web/dashboard/src/lib/keycore.ts,1032,keycore|POST|/keys/{param}/kem/decapsulate
keycore,keycore,POST,/keys/{param}/export?tenant_id={param},/keys/{param}/export,True,keycore.apiRequest,web/dashboard/src/lib/keycore.ts,1058,keycore|POST|/keys/{param}/export
keycore,keycore,GET,/keys/{param}/public-key?tenant_id={param},/keys/{param}/public-key,True,keycore.apiRequest,web/dashboard/src/lib/keycore.ts,1083,keycore|GET|/keys/{param}/public-key
keycore,keycore,POST,/keys/{param}/destroy?tenant_id={param},/keys/{param}/destroy,True,keycore.apiRequest,web/dashboard/src/lib/keycore.ts,1094,keycore|POST|/keys/{param}/destroy
keycore,keycore,POST,/keys/{param}/activate?tenant_id={param},/keys/{param}/activate,True,keycore.apiRequest,web/dashboard/src/lib/keycore.ts,1105,keycore|POST|/keys/{param}/activate
keycore,keycore,POST,/keys/{param}/activate?tenant_id={param},/keys/{param}/activate,True,keycore.apiRequest,web/dashboard/src/lib/keycore.ts,1117,keycore|POST|/keys/{param}/activate
keycore,keycore,POST,/keys/{param}/deactivate?tenant_id={param},/keys/{param}/deactivate,True,keycore.apiRequest,web/dashboard/src/lib/keycore.ts,1131,keycore|POST|/keys/{param}/deactivate
keycore,keycore,POST,/keys/{param}/disable?tenant_id={param},/keys/{param}/disable,True,keycore.apiRequest,web/dashboard/src/lib/keycore.ts,1139,keycore|POST|/keys/{param}/disable
keycore,keycore,PUT,/keys/{param}/usage/limit?tenant_id={param},/keys/{param}/usage/limit,True,keycore.apiRequest,web/dashboard/src/lib/keycore.ts,1152,keycore|PUT|/keys/{param}/usage/limit
keycore,keycore,PUT,/keys/{param}/export-policy?tenant_id={param},/keys/{param}/export-policy,True,keycore.apiRequest,web/dashboard/src/lib/keycore.ts,1170,keycore|PUT|/keys/{param}/export-policy
keycore,keycore,GET,/keys/{param}/access-policy?tenant_id={param},/keys/{param}/access-policy,True,keycore.apiRequest,web/dashboard/src/lib/keycore.ts,1186,keycore|GET|/keys/{param}/access-policy
keycore,keycore,PUT,/keys/{param}/access-policy?tenant_id={param},/keys/{param}/access-policy,True,keycore.apiRequest,web/dashboard/src/lib/keycore.ts,1199,keycore|PUT|/keys/{param}/access-policy
keycore,keycore,GET,/access/settings?tenant_id={param},/access/settings,True,keycore.apiRequest,web/dashboard/src/lib/keycore.ts,1210,keycore|GET|/access/settings
keycore,keycore,PUT,/access/settings?tenant_id={param},/access/settings,True,keycore.apiRequest,web/dashboard/src/lib/keycore.ts,1221,keycore|PUT|/access/settings
keycore,keycore,GET,/access/interface-policies?tenant_id={param}{param},/access/interface-policies,True,keycore.apiRequest,web/dashboard/src/lib/keycore.ts,1237,keycore|GET|/access/interface-policies
keycore,keycore,POST,/access/interface-policies?tenant_id={param},/access/interface-policies,True,keycore.apiRequest,web/dashboard/src/lib/keycore.ts,1248,keycore|POST|/access/interface-policies
keycore,keycore,DELETE,/access/interface-policies/{param}?tenant_id={param},/access/interface-policies/{param},True,keycore.apiRequest,web/dashboard/src/lib/keycore.ts,1260,keycore|DELETE|/access/interface-policies/{param}
keycore,keycore,GET,/access/groups?tenant_id={param},/access/groups,True,keycore.apiRequest,web/dashboard/src/lib/keycore.ts,1268,keycore|GET|/access/groups
keycore,keycore,POST,/access/groups?tenant_id={param},/access/groups,True,keycore.apiRequest,web/dashboard/src/lib/keycore.ts,1279,keycore|POST|/access/groups
keycore,keycore,DELETE,/access/groups/{param}?tenant_id={param},/access/groups/{param},True,keycore.apiRequest,web/dashboard/src/lib/keycore.ts,1294,keycore|DELETE|/access/groups/{param}
keycore,keycore,PUT,/access/groups/{param}/members?tenant_id={param},/access/groups/{param}/members,True,keycore.apiRequest,web/dashboard/src/lib/keycore.ts,1306,keycore|PUT|/access/groups/{param}/members
keycore,keycore,GET,/tags?tenant_id={param},/tags,True,keycore.apiRequest,web/dashboard/src/lib/keycore.ts,1319,keycore|GET|/tags
keycore,keycore,POST,/tags?tenant_id={param},/tags,True,keycore.apiRequest,web/dashboard/src/lib/keycore.ts,1331,keycore|POST|/tags
keycore,keycore,DELETE,/tags/{param}?tenant_id={param},/tags/{param},True,keycore.apiRequest,web/dashboard/src/lib/keycore.ts,1346,keycore|DELETE|/tags/{param}
keycore,keycore,GET,/canary/keys?{param},/canary/keys,True,keycore.apiRequest,web/dashboard/src/lib/keycore.ts,1377,keycore|GET|/canary/keys
keycore,keycore,POST,/canary/keys,/canary/keys,False,keycore.apiRequest,web/dashboard/src/lib/keycore.ts,1382,keycore|POST|/canary/keys
keycore,keycore,DELETE,/canary/keys/{param}?{param},/canary/keys/{param},True,keycore.apiRequest,web/dashboard/src/lib/keycore.ts,1390,keycore|DELETE|/canary/keys/{param}
keycore,keycore,GET,/canary/keys/{param}/trips?{param},/canary/keys/{param}/trips,True,keycore.apiRequest,web/dashboard/src/lib/keycore.ts,1394,keycore|GET|/canary/keys/{param}/trips
kmip,kmip,GET,/kmip/profiles?{param},/kmip/profiles,True,serviceRequest,web/dashboard/src/lib/kmip.ts,177,kmip|GET|/kmip/profiles
kmip,kmip,GET,/kmip/capabilities?{param},/kmip/capabilities,True,serviceRequest,web/dashboard/src/lib/kmip.ts,183,kmip|GET|/kmip/capabilities
kmip,kmip,POST,/kmip/profiles,/kmip/profiles,False,serviceRequest,web/dashboard/src/lib/kmip.ts,194,kmip|POST|/kmip/profiles
kmip,kmip,DELETE,/kmip/profiles/{param}?{param},/kmip/profiles/{param},True,serviceRequest,web/dashboard/src/lib/kmip.ts,206,kmip|DELETE|/kmip/profiles/{param}
kmip,kmip,GET,/kmip/clients?{param},/kmip/clients,True,serviceRequest,web/dashboard/src/lib/kmip.ts,212,kmip|GET|/kmip/clients
kmip,kmip,POST,/kmip/clients,/kmip/clients,False,serviceRequest,web/dashboard/src/lib/kmip.ts,217,kmip|POST|/kmip/clients
kmip,kmip,DELETE,/kmip/clients/{param}?{param},/kmip/clients/{param},True,serviceRequest,web/dashboard/src/lib/kmip.ts,233,kmip|DELETE|/kmip/clients/{param}
kmip,kmip,GET,/kmip/interop/targets?{param},/kmip/interop/targets,True,serviceRequest,web/dashboard/src/lib/kmip.ts,239,kmip|GET|/kmip/interop/targets
kmip,kmip,POST,/kmip/interop/targets,/kmip/interop/targets,False,serviceRequest,web/dashboard/src/lib/kmip.ts,244,kmip|POST|/kmip/interop/targets
kmip,kmip,DELETE,/kmip/interop/targets/{param}?{param},/kmip/interop/targets/{param},True,serviceRequest,web/dashboard/src/lib/kmip.ts,256,kmip|DELETE|/kmip/interop/targets/{param}
kmip,kmip,POST,/kmip/interop/targets/{param}/validate?{param},/kmip/interop/targets/{param}/validate,True,serviceRequest,web/dashboard/src/lib/kmip.ts,263,kmip|POST|/kmip/interop/targets/{param}/validate
$dynamic-service,$dynamic-service,GET,/mek/exposure?open=false,/mek/exposure,True,serviceRequestRaw,web/dashboard/src/lib/mekExposure.ts,83,$dynamic-service|GET|/mek/exposure
$dynamic-service,$dynamic-service,POST,/mek/exposure/{param}/{param}/acknowledge,/mek/exposure/{param}/{param}/acknowledge,True,serviceRequest,web/dashboard/src/lib/mekExposure.ts,99,$dynamic-service|POST|/mek/exposure/{param}/{param}/acknowledge
keycore,keycore,GET,/ml/anomalies,/ml/anomalies,False,trackedFetch,web/dashboard/src/lib/mlAnomaly.ts,6,keycore|GET|/ml/anomalies
keycore,keycore,POST,/ml/detect,/ml/detect,False,trackedFetch,web/dashboard/src/lib/mlAnomaly.ts,12,keycore|POST|/ml/detect
keycore,keycore,GET,/ml/access-heatmap,/ml/access-heatmap,False,trackedFetch,web/dashboard/src/lib/mlAnomaly.ts,21,keycore|GET|/ml/access-heatmap
keycore,keycore,POST,/ml/anomalies/{param}/dismiss,/ml/anomalies/{param}/dismiss,True,trackedFetch,web/dashboard/src/lib/mlAnomaly.ts,27,keycore|POST|/ml/anomalies/{param}/dismiss
audit,audit,GET,/ops-metrics/overview?window={param},/ops-metrics/overview,True,serviceRequest,web/dashboard/src/lib/opsMetrics.ts,55,audit|GET|/ops-metrics/overview
audit,audit,GET,/ops-metrics/latency?window={param},/ops-metrics/latency,True,serviceRequest,web/dashboard/src/lib/opsMetrics.ts,60,audit|GET|/ops-metrics/latency
audit,audit,GET,/ops-metrics/by-service?window={param},/ops-metrics/by-service,True,serviceRequest,web/dashboard/src/lib/opsMetrics.ts,65,audit|GET|/ops-metrics/by-service
audit,audit,GET,/ops-metrics/errors?window={param},/ops-metrics/errors,True,serviceRequest,web/dashboard/src/lib/opsMetrics.ts,70,audit|GET|/ops-metrics/errors
payment,payment,GET,/payment/keys?{param},/payment/keys,True,serviceRequest,web/dashboard/src/lib/payment.ts,136,payment|GET|/payment/keys
payment,payment,GET,/payment/policy?{param},/payment/policy,True,serviceRequest,web/dashboard/src/lib/payment.ts,145,payment|GET|/payment/policy
payment,payment,PUT,/payment/policy?{param},/payment/policy,True,serviceRequest,web/dashboard/src/lib/payment.ts,153,payment|PUT|/payment/policy
payment,payment,GET,/payment/ap2/profile?{param},/payment/ap2/profile,True,serviceRequest,web/dashboard/src/lib/payment.ts,164,payment|GET|/payment/ap2/profile
payment,payment,PUT,/payment/ap2/profile?{param},/payment/ap2/profile,True,serviceRequest,web/dashboard/src/lib/payment.ts,172,payment|PUT|/payment/ap2/profile
payment,payment,POST,/payment/ap2/evaluate,/payment/ap2/evaluate,False,serviceRequest,web/dashboard/src/lib/payment.ts,204,payment|POST|/payment/ap2/evaluate
payment,payment,POST,/payment/tr31/create,/payment/tr31/create,False,serviceRequest,web/dashboard/src/lib/payment.ts,231,payment|POST|/payment/tr31/create
payment,payment,POST,/payment/tr31/translate,/payment/tr31/translate,False,serviceRequest,web/dashboard/src/lib/payment.ts,261,payment|POST|/payment/tr31/translate
payment,payment,POST,/payment/tr31/validate,/payment/tr31/validate,False,serviceRequest,web/dashboard/src/lib/payment.ts,281,payment|POST|/payment/tr31/validate
payment,payment,POST,/payment/pin/translate,/payment/pin/translate,False,serviceRequest,web/dashboard/src/lib/payment.ts,305,payment|POST|/payment/pin/translate
payment,payment,POST,/payment/pin/pvv/generate,/payment/pin/pvv/generate,False,serviceRequest,web/dashboard/src/lib/payment.ts,325,payment|POST|/payment/pin/pvv/generate
payment,payment,POST,/payment/pin/pvv/verify,/payment/pin/pvv/verify,False,serviceRequest,web/dashboard/src/lib/payment.ts,346,payment|POST|/payment/pin/pvv/verify
payment,payment,POST,/payment/pin/cvv/compute,/payment/pin/cvv/compute,False,serviceRequest,web/dashboard/src/lib/payment.ts,366,payment|POST|/payment/pin/cvv/compute
payment,payment,POST,/payment/pin/cvv/verify,/payment/pin/cvv/verify,False,serviceRequest,web/dashboard/src/lib/payment.ts,387,payment|POST|/payment/pin/cvv/verify
payment,payment,POST,/payment/mac/verify,/payment/mac/verify,False,serviceRequest,web/dashboard/src/lib/payment.ts,434,payment|POST|/payment/mac/verify
payment,payment,POST,/payment/iso20022/sign,/payment/iso20022/sign,False,serviceRequest,web/dashboard/src/lib/payment.ts,451,payment|POST|/payment/iso20022/sign
payment,payment,POST,/payment/iso20022/verify,/payment/iso20022/verify,False,serviceRequest,web/dashboard/src/lib/payment.ts,469,payment|POST|/payment/iso20022/verify
payment,payment,POST,/payment/iso20022/encrypt,/payment/iso20022/encrypt,False,serviceRequest,web/dashboard/src/lib/payment.ts,488,payment|POST|/payment/iso20022/encrypt
payment,payment,POST,/payment/iso20022/decrypt,/payment/iso20022/decrypt,False,serviceRequest,web/dashboard/src/lib/payment.ts,506,payment|POST|/payment/iso20022/decrypt
payment,payment,POST,/payment/iso20022/lau/generate,/payment/iso20022/lau/generate,False,serviceRequest,web/dashboard/src/lib/payment.ts,525,payment|POST|/payment/iso20022/lau/generate
payment,payment,POST,/payment/iso20022/lau/verify,/payment/iso20022/lau/verify,False,serviceRequest,web/dashboard/src/lib/payment.ts,545,payment|POST|/payment/iso20022/lau/verify
payment,payment,GET,/payment/injection/terminals?{param},/payment/injection/terminals,True,serviceRequest,web/dashboard/src/lib/payment.ts,556,payment|GET|/payment/injection/terminals
payment,payment,POST,/payment/injection/terminals?{param},/payment/injection/terminals,True,serviceRequest,web/dashboard/src/lib/payment.ts,575,payment|POST|/payment/injection/terminals
payment,payment,POST,/payment/injection/terminals/{param}/challenge?{param},/payment/injection/terminals/{param}/challenge,True,serviceRequest,web/dashboard/src/lib/payment.ts,594,payment|POST|/payment/injection/terminals/{param}/challenge
payment,payment,POST,/payment/injection/terminals/{param}/verify?{param},/payment/injection/terminals/{param}/verify,True,serviceRequest,web/dashboard/src/lib/payment.ts,611,payment|POST|/payment/injection/terminals/{param}/verify
payment,payment,GET,/payment/injection/jobs?{param},/payment/injection/jobs,True,serviceRequest,web/dashboard/src/lib/payment.ts,635,payment|GET|/payment/injection/jobs
payment,payment,POST,/payment/injection/jobs?{param},/payment/injection/jobs,True,serviceRequest,web/dashboard/src/lib/payment.ts,655,payment|POST|/payment/injection/jobs
posture,posture,GET,/posture/dashboard?{param},/posture/dashboard,True,serviceRequest,web/dashboard/src/lib/posture.ts,158,posture|GET|/posture/dashboard
posture,posture,POST,/posture/scan?{param}&sync_audit={param},/posture/scan,True,serviceRequest,web/dashboard/src/lib/posture.ts,162,posture|POST|/posture/scan
posture,posture,GET,/posture/risk?{param},/posture/risk,True,serviceRequest,web/dashboard/src/lib/posture.ts,172,posture|GET|/posture/risk
posture,posture,GET,/posture/risk/history?{param}&limit={param},/posture/risk/history,True,serviceRequest,web/dashboard/src/lib/posture.ts,177,posture|GET|/posture/risk/history
posture,posture,GET,/posture/findings?{param},/posture/findings,True,serviceRequest,web/dashboard/src/lib/posture.ts,196,posture|GET|/posture/findings
posture,posture,PUT,/posture/findings/{param}/status?{param},/posture/findings/{param}/status,True,serviceRequest,web/dashboard/src/lib/posture.ts,205,posture|PUT|/posture/findings/{param}/status
posture,posture,GET,/posture/actions?{param},/posture/actions,True,serviceRequest,web/dashboard/src/lib/posture.ts,221,posture|GET|/posture/actions
posture,posture,POST,/posture/actions/{param}/execute?{param},/posture/actions/{param}/execute,True,serviceRequest,web/dashboard/src/lib/posture.ts,232,posture|POST|/posture/actions/{param}/execute
pqc,pqc,GET,/pqc/inventory?{param},/pqc/inventory,True,serviceRequest,web/dashboard/src/lib/pqc.ts,109,pqc|GET|/pqc/inventory
pqc,pqc,GET,/pqc/migration/report?{param},/pqc/migration/report,True,serviceRequest,web/dashboard/src/lib/pqc.ts,114,pqc|GET|/pqc/migration/report
pqc,pqc,GET,/pqc/readiness?{param},/pqc/readiness,True,serviceRequest,web/dashboard/src/lib/pqc.ts,119,pqc|GET|/pqc/readiness
pqc,pqc,POST,/pqc/scan,/pqc/scan,False,serviceRequest,web/dashboard/src/lib/pqc.ts,124,pqc|POST|/pqc/scan
pqc,pqc,GET,/pqc/migration/plans?tenant_id={param}&limit=50,/pqc/migration/plans,True,serviceRequest,web/dashboard/src/lib/pqc.ts,173,pqc|GET|/pqc/migration/plans
pqc,pqc,POST,/pqc/migration/plans,/pqc/migration/plans,False,serviceRequest,web/dashboard/src/lib/pqc.ts,178,pqc|POST|/pqc/migration/plans
pqc,pqc,POST,/pqc/migration/plans/{param}/execute,/pqc/migration/plans/{param}/execute,True,serviceRequest,web/dashboard/src/lib/pqc.ts,186,pqc|POST|/pqc/migration/plans/{param}/execute
pqc,pqc,POST,/pqc/migration/plans/{param}/rollback,/pqc/migration/plans/{param}/rollback,True,serviceRequest,web/dashboard/src/lib/pqc.ts,194,pqc|POST|/pqc/migration/plans/{param}/rollback
keycore,keycore,GET,/compliance/regulatory,/compliance/regulatory,False,trackedFetch,web/dashboard/src/lib/regulatory.ts,6,keycore|GET|/compliance/regulatory
keycore,keycore,GET,/compliance/dashboard,/compliance/dashboard,False,trackedFetch,web/dashboard/src/lib/regulatory.ts,12,keycore|GET|/compliance/dashboard
keycore,keycore,GET,/compliance/report,/compliance/report,True,trackedFetch,web/dashboard/src/lib/regulatory.ts,18,keycore|GET|/compliance/report
reporting,reporting,GET,/alerts?{param},/alerts,True,serviceRequest,web/dashboard/src/lib/reporting.ts,161,reporting|GET|/alerts
reporting,reporting,GET,/alerts/unread?{param},/alerts/unread,True,serviceRequest,web/dashboard/src/lib/reporting.ts,169,reporting|GET|/alerts/unread
reporting,reporting,GET,/alerts/stats?{param},/alerts/stats,True,serviceRequest,web/dashboard/src/lib/reporting.ts,178,reporting|GET|/alerts/stats
reporting,reporting,GET,/alerts/stats/mttr?{param},/alerts/stats/mttr,True,serviceRequest,web/dashboard/src/lib/reporting.ts,189,reporting|GET|/alerts/stats/mttr
reporting,reporting,GET,/alerts/stats/mttd?{param},/alerts/stats/mttd,True,serviceRequest,web/dashboard/src/lib/reporting.ts,194,reporting|GET|/alerts/stats/mttd
reporting,reporting,GET,/alerts/channels?{param},/alerts/channels,True,serviceRequest,web/dashboard/src/lib/reporting.ts,201,reporting|GET|/alerts/channels
reporting,reporting,GET,/alerts/rules?{param},/alerts/rules,True,serviceRequest,web/dashboard/src/lib/reporting.ts,206,reporting|GET|/alerts/rules
reporting,reporting,POST,/alerts/rules/test?{param},/alerts/rules/test,True,serviceRequest,web/dashboard/src/lib/reporting.ts,230,reporting|POST|/alerts/rules/test
reporting,reporting,POST,/alerts/rules?{param},/alerts/rules,True,serviceRequest,web/dashboard/src/lib/reporting.ts,238,reporting|POST|/alerts/rules
reporting,reporting,PUT,/alerts/rules/{param}?{param},/alerts/rules/{param},True,serviceRequest,web/dashboard/src/lib/reporting.ts,249,reporting|PUT|/alerts/rules/{param}
reporting,reporting,DELETE,/alerts/rules/{param}?{param},/alerts/rules/{param},True,serviceRequest,web/dashboard/src/lib/reporting.ts,256,reporting|DELETE|/alerts/rules/{param}
reporting,reporting,PUT,/alerts/{param}/acknowledge?{param},/alerts/{param}/acknowledge,True,serviceRequest,web/dashboard/src/lib/reporting.ts,263,reporting|PUT|/alerts/{param}/acknowledge
reporting,reporting,POST,/alerts/bulk/acknowledge?{param},/alerts/bulk/acknowledge,True,serviceRequest,web/dashboard/src/lib/reporting.ts,289,reporting|POST|/alerts/bulk/acknowledge
reporting,reporting,PUT,/alerts/{param}/escalate?{param},/alerts/{param}/escalate,True,serviceRequest,web/dashboard/src/lib/reporting.ts,302,reporting|PUT|/alerts/{param}/escalate
reporting,reporting,GET,/alerts/stats/top-sources?{param},/alerts/stats/top-sources,True,serviceRequest,web/dashboard/src/lib/reporting.ts,317,reporting|GET|/alerts/stats/top-sources
reporting,reporting,GET,/reports/templates,/reports/templates,False,serviceRequest,web/dashboard/src/lib/reporting.ts,330,reporting|GET|/reports/templates
reporting,reporting,POST,/reports/generate?{param},/reports/generate,True,serviceRequest,web/dashboard/src/lib/reporting.ts,343,reporting|POST|/reports/generate
reporting,reporting,GET,/reports/jobs/{param}?{param},/reports/jobs/{param},True,serviceRequest,web/dashboard/src/lib/reporting.ts,358,reporting|GET|/reports/jobs/{param}
reporting,reporting,GET,/reports/jobs?{param}&limit={param}&offset={param},/reports/jobs,True,serviceRequest,web/dashboard/src/lib/reporting.ts,370,reporting|GET|/reports/jobs
reporting,reporting,GET,/reports/jobs/{param}/download?{param},/reports/jobs/{param}/download,True,serviceRequest,web/dashboard/src/lib/reporting.ts,388,reporting|GET|/reports/jobs/{param}/download
reporting,reporting,DELETE,/reports/jobs/{param}?{param},/reports/jobs/{param},True,serviceRequest,web/dashboard/src/lib/reporting.ts,404,reporting|DELETE|/reports/jobs/{param}
reporting,reporting,GET,/reports/scheduled?{param},/reports/scheduled,True,serviceRequest,web/dashboard/src/lib/reporting.ts,410,reporting|GET|/reports/scheduled
reporting,reporting,POST,/reports/scheduled?{param},/reports/scheduled,True,serviceRequest,web/dashboard/src/lib/reporting.ts,424,reporting|POST|/reports/scheduled
keycore,keycore,GET,/rotation/analytics,/rotation/analytics,False,trackedFetch,web/dashboard/src/lib/rotationAnalytics.ts,6,keycore|GET|/rotation/analytics
keycore,keycore,GET,/rotation/runs,/rotation/runs,True,trackedFetch,web/dashboard/src/lib/rotationAnalytics.ts,15,keycore|GET|/rotation/runs
keycore,keycore,GET,/rotation/analytics/overdue,/rotation/analytics/overdue,False,trackedFetch,web/dashboard/src/lib/rotationAnalytics.ts,21,keycore|GET|/rotation/analytics/overdue
keycore,keycore,GET,/enterprise/summary,/enterprise/summary,False,trackedFetch,web/dashboard/src/lib/rotationAnalytics.ts,27,keycore|GET|/enterprise/summary
keycore,keycore,GET,/rotation/policies,/rotation/policies,False,serviceRequest,web/dashboard/src/lib/rotationScheduler.ts,63,keycore|GET|/rotation/policies
keycore,keycore,POST,/rotation/policies,/rotation/policies,False,serviceRequest,web/dashboard/src/lib/rotationScheduler.ts,68,keycore|POST|/rotation/policies
keycore,keycore,PATCH,/rotation/policies/{param},/rotation/policies/{param},True,serviceRequest,web/dashboard/src/lib/rotationScheduler.ts,73,keycore|PATCH|/rotation/policies/{param}
keycore,keycore,DELETE,/rotation/policies/{param},/rotation/policies/{param},True,serviceRequest,web/dashboard/src/lib/rotationScheduler.ts,78,keycore|DELETE|/rotation/policies/{param}
keycore,keycore,POST,/rotation/policies/{param}/trigger,/rotation/policies/{param}/trigger,True,serviceRequest,web/dashboard/src/lib/rotationScheduler.ts,82,keycore|POST|/rotation/policies/{param}/trigger
keycore,keycore,GET,/rotation/runs{param},/rotation/runs{param},True,serviceRequest,web/dashboard/src/lib/rotationScheduler.ts,88,keycore|GET|/rotation/runs{param}
keycore,keycore,GET,/rotation/upcoming,/rotation/upcoming,False,serviceRequest,web/dashboard/src/lib/rotationScheduler.ts,93,keycore|GET|/rotation/upcoming
sbom,sbom,POST,/sbom/generate,/sbom/generate,False,serviceRequest,web/dashboard/src/lib/sbom.ts,91,sbom|POST|/sbom/generate
sbom,sbom,GET,/sbom/latest,/sbom/latest,False,serviceRequest,web/dashboard/src/lib/sbom.ts,99,sbom|GET|/sbom/latest
sbom,sbom,GET,/sbom/history?limit={param},/sbom/history,True,serviceRequest,web/dashboard/src/lib/sbom.ts,104,sbom|GET|/sbom/history
sbom,sbom,GET,/sbom/{param}/export?format={param}&encoding={param},/sbom/{param}/export,True,serviceRequest,web/dashboard/src/lib/sbom.ts,118,sbom|GET|/sbom/{param}/export
sbom,sbom,POST,/cbom/generate?{param},/cbom/generate,True,serviceRequest,web/dashboard/src/lib/sbom.ts,127,sbom|POST|/cbom/generate
sbom,sbom,GET,/cbom/latest?{param},/cbom/latest,True,serviceRequest,web/dashboard/src/lib/sbom.ts,135,sbom|GET|/cbom/latest
sbom,sbom,GET,/cbom/history?{param}&limit={param},/cbom/history,True,serviceRequest,web/dashboard/src/lib/sbom.ts,140,sbom|GET|/cbom/history
sbom,sbom,GET,/cbom/summary?{param},/cbom/summary,True,serviceRequest,web/dashboard/src/lib/sbom.ts,149,sbom|GET|/cbom/summary
sbom,sbom,GET,/cbom/{param}/export?{param}&format={param},/cbom/{param}/export,True,serviceRequest,web/dashboard/src/lib/sbom.ts,158,sbom|GET|/cbom/{param}/export
sbom,sbom,GET,/cbom/diff?{param}&from={param}&to={param},/cbom/diff,True,serviceRequest,web/dashboard/src/lib/sbom.ts,167,sbom|GET|/cbom/diff
sbom,sbom,GET,/sbom/diff?from={param}&to={param},/sbom/diff,True,serviceRequest,web/dashboard/src/lib/sbom.ts,187,sbom|GET|/sbom/diff
sbom,sbom,GET,/cbom/pqc-readiness?{param},/cbom/pqc-readiness,True,serviceRequest,web/dashboard/src/lib/sbom.ts,196,sbom|GET|/cbom/pqc-readiness
secrets,secrets,GET,/secrets?{param},/secrets,True,serviceRequest,web/dashboard/src/lib/secrets.ts,82,secrets|GET|/secrets
secrets,secrets,POST,/secrets,/secrets,False,serviceRequest,web/dashboard/src/lib/secrets.ts,87,secrets|POST|/secrets
secrets,secrets,PUT,/secrets/{param}?tenant_id={param},/secrets/{param},True,serviceRequest,web/dashboard/src/lib/secrets.ts,126,secrets|PUT|/secrets/{param}
secrets,secrets,DELETE,/secrets/{param}?tenant_id={param},/secrets/{param},True,serviceRequest,web/dashboard/src/lib/secrets.ts,134,secrets|DELETE|/secrets/{param}
secrets,secrets,GET,/secrets/{param}/value?tenant_id={param}&format={param},/secrets/{param}/value,True,serviceRequest,web/dashboard/src/lib/secrets.ts,145,secrets|GET|/secrets/{param}/value
secrets,secrets,GET,/secrets/stats?tenant_id={param},/secrets/stats,True,serviceRequest,web/dashboard/src/lib/secrets.ts,177,secrets|GET|/secrets/stats
secrets,secrets,GET,/secrets/{param}/versions?tenant_id={param},/secrets/{param}/versions,True,serviceRequest,web/dashboard/src/lib/secrets.ts,182,secrets|GET|/secrets/{param}/versions
secrets,secrets,GET,/secrets/{param}/audit?tenant_id={param}&limit={param},/secrets/{param}/audit,True,serviceRequest,web/dashboard/src/lib/secrets.ts,190,secrets|GET|/secrets/{param}/audit
secrets,secrets,POST,/secrets/{param}/rotate?tenant_id={param},/secrets/{param}/rotate,True,serviceRequest,web/dashboard/src/lib/secrets.ts,198,secrets|POST|/secrets/{param}/rotate
secrets,secrets,POST,/secrets/generate/keypair,/secrets/generate/keypair,False,serviceRequest,web/dashboard/src/lib/secrets.ts,218,secrets|POST|/secrets/generate/keypair
signing,signing,GET,/signing/settings?tenant_id={param},/signing/settings,True,serviceRequest,web/dashboard/src/lib/signing.ts,84,signing|GET|/signing/settings
signing,signing,PUT,/signing/settings,/signing/settings,False,serviceRequest,web/dashboard/src/lib/signing.ts,89,signing|PUT|/signing/settings
signing,signing,GET,/signing/summary?tenant_id={param},/signing/summary,True,serviceRequest,web/dashboard/src/lib/signing.ts,97,signing|GET|/signing/summary
signing,signing,GET,/signing/profiles?tenant_id={param},/signing/profiles,True,serviceRequest,web/dashboard/src/lib/signing.ts,102,signing|GET|/signing/profiles
signing,signing,DELETE,/signing/profiles/{param}?tenant_id={param},/signing/profiles/{param},True,serviceRequest,web/dashboard/src/lib/signing.ts,117,signing|DELETE|/signing/profiles/{param}
signing,signing,GET,/signing/records?{param},/signing/records,True,serviceRequest,web/dashboard/src/lib/signing.ts,130,signing|GET|/signing/records
signing,signing,POST,/signing/blob,/signing/blob,False,serviceRequest,web/dashboard/src/lib/signing.ts,140,signing|POST|/signing/blob
signing,signing,POST,/signing/git,/signing/git,False,serviceRequest,web/dashboard/src/lib/signing.ts,153,signing|POST|/signing/git
signing,signing,POST,/signing/verify,/signing/verify,False,serviceRequest,web/dashboard/src/lib/signing.ts,161,signing|POST|/signing/verify
reporting,reporting,POST,/telemetry/errors,/telemetry/errors,False,serviceRequest,web/dashboard/src/lib/telemetry.ts,59,reporting|POST|/telemetry/errors
audit,audit,GET,/webhooks,/webhooks,False,serviceRequest,web/dashboard/src/lib/webhooks.ts,52,audit|GET|/webhooks
audit,audit,POST,/webhooks,/webhooks,False,serviceRequest,web/dashboard/src/lib/webhooks.ts,57,audit|POST|/webhooks
audit,audit,PATCH,/webhooks/{param},/webhooks/{param},True,serviceRequest,web/dashboard/src/lib/webhooks.ts,62,audit|PATCH|/webhooks/{param}
audit,audit,DELETE,/webhooks/{param},/webhooks/{param},True,serviceRequest,web/dashboard/src/lib/webhooks.ts,67,audit|DELETE|/webhooks/{param}
audit,audit,POST,/webhooks/{param}/test,/webhooks/{param}/test,True,serviceRequest,web/dashboard/src/lib/webhooks.ts,71,audit|POST|/webhooks/{param}/test
audit,audit,GET,/webhooks/{param}/deliveries,/webhooks/{param}/deliveries,True,serviceRequest,web/dashboard/src/lib/webhooks.ts,75,audit|GET|/webhooks/{param}/deliveries
workload,workload,GET,/workload-identity/settings?{param},/workload-identity/settings,True,serviceRequest,web/dashboard/src/lib/workloadIdentity.ts,146,workload|GET|/workload-identity/settings
workload,workload,PUT,/workload-identity/settings?{param},/workload-identity/settings,True,serviceRequest,web/dashboard/src/lib/workloadIdentity.ts,151,workload|PUT|/workload-identity/settings
workload,workload,POST,/workload-identity/settings/rotate-signing-keys?{param},/workload-identity/settings/rotate-signing-keys,True,serviceRequest,web/dashboard/src/lib/workloadIdentity.ts,161,workload|POST|/workload-identity/settings/rotate-signing-keys
workload,workload,GET,/workload-identity/summary?{param},/workload-identity/summary,True,serviceRequest,web/dashboard/src/lib/workloadIdentity.ts,169,workload|GET|/workload-identity/summary
workload,workload,GET,/workload-identity/registrations?{param},/workload-identity/registrations,True,serviceRequest,web/dashboard/src/lib/workloadIdentity.ts,174,workload|GET|/workload-identity/registrations
workload,workload,DELETE,/workload-identity/registrations/{param}?{param},/workload-identity/registrations/{param},True,serviceRequest,web/dashboard/src/lib/workloadIdentity.ts,190,workload|DELETE|/workload-identity/registrations/{param}
workload,workload,GET,/workload-identity/federation?{param},/workload-identity/federation,True,serviceRequest,web/dashboard/src/lib/workloadIdentity.ts,196,workload|GET|/workload-identity/federation
workload,workload,DELETE,/workload-identity/federation/{param}?{param},/workload-identity/federation/{param},True,serviceRequest,web/dashboard/src/lib/workloadIdentity.ts,212,workload|DELETE|/workload-identity/federation/{param}
workload,workload,POST,/workload-identity/issue,/workload-identity/issue,False,serviceRequest,web/dashboard/src/lib/workloadIdentity.ts,221,workload|POST|/workload-identity/issue
workload,workload,GET,/workload-identity/issuances?{param}&limit={param},/workload-identity/issuances,True,serviceRequest,web/dashboard/src/lib/workloadIdentity.ts,229,workload|GET|/workload-identity/issuances
workload,workload,POST,/workload-identity/token/exchange,/workload-identity/token/exchange,False,serviceRequest,web/dashboard/src/lib/workloadIdentity.ts,246,workload|POST|/workload-identity/token/exchange
workload,workload,GET,/workload-identity/graph?{param},/workload-identity/graph,True,serviceRequest,web/dashboard/src/lib/workloadIdentity.ts,254,workload|GET|/workload-identity/graph
workload,workload,GET,/workload-identity/usage?{param}&limit={param},/workload-identity/usage,True,serviceRequest,web/dashboard/src/lib/workloadIdentity.ts,259,workload|GET|/workload-identity/usage
